Identifiant,"Date (AAAA/MM/JJ)",Heure,Nom,"Région épicentrale",Choc,"X RGF93/L93","Y RGF93/L93","Latitude en WGS 84","Longitude en WGS 84","Intensité épicentrale",
880034,1970/01/10,"21 h 48 min 36 sec","PLAINE LORRAINE (SAUVILLE)",VOSGES,,903169.14,6788661.85,48.17,5.73,,
880034,1970/01/10,"21 h 48 min 36 sec","PLAINE LORRAINE (SAUVILLE)",VOSGES,,903169.14,6788661.85,48.17,5.73,,
570013,1970/02/23,"14 h 42 min 53 sec","BASSIN SARROIS (HOMBOURG)",LORRAINE,,977232.15,6899287.64,49.13,6.80,4,"ASSEZ SURE"
1140060,1970/03/12,"17 h",ANDORRE,ANDORRE,PRECURSEUR,552769.90,6198035.46,42.87,1.20,,
1140061,1970/03/13,"2 h",ANDORRE,ANDORRE,"SECOUSSE INDIVIDUALISEE D UN ESSAIM",577093.76,6186403.69,42.77,1.50,,
1140036,1970/03/16,"6 h 53 min 47 sec",ANDORRE,ANDORRE,"SECOUSSE INDIVIDUALISEE D UN ESSAIM",601419.35,6169301.89,42.62,1.80,,
1140037,1970/03/18,"2 h 47 min 16 sec","CERDAGNE (BOURG-MADAME)","PYRENEES ORIENTALES",,613469.97,6148733.85,42.43,1.95,4,INCERTAINE
860029,1970/04/25,"2 h 17 min 57 sec","BRANDES DU HAUT-POITOU (JARDRES)",POITOU,,514978.54,6612086.20,46.58,0.58,3.5,INCERTAINE
350040,1970/06/07,"0 h 46 min 35 sec","PAYS DE FOUGERES",BRETAGNE,,391838.28,6821063.50,48.42,-1.17,4,"ASSEZ SURE"
1130093,1970/06/18,"9 h 5 min 53 sec","COTE D'AZUR (NICE ?)","ALPES MARITIMES",,1056952.87,6304576.17,43.75,7.43,3.5,INCERTAINE
880035,1970/12/15,"19 h","HAUTES-VOSGES (REMIREMONT)",VOSGES,,969635.24,6772799.73,48.00,6.62,4.5,"ASSEZ SURE"
880036,1970/12/16,"11 h 50 min","HAUTES-VOSGES (REMIREMONT)",VOSGES,REPLIQUE,969635.24,6772799.73,48.00,6.62,,
880037,1970/12/16,"15 h 30 min","HAUTES-VOSGES (REMIREMONT)",VOSGES,REPLIQUE,969635.24,6772799.73,48.00,6.62,,
640508,1971/01/12,"9 h 15 min","BEARN (MONTORY)","PYRENEES OCCIDENTALES",,389165.73,6229816.01,43.10,-0.82,,"INFORMATION ISOLÉE"
380097,1971/01/14,"3 h 5 min 44 sec","BELLEDONNE (VIZILLE)",DAUPHINE,,918953.32,6446533.57,45.08,5.78,5,"ASSEZ SURE"
560040,1971/01/31,"23 h 59 min 8 sec","VANNETAIS (ETEL-CARNAC)",BRETAGNE,,237381.43,6743956.86,47.63,-3.17,3,"ASSEZ SURE"
440058,1971/02/03,"19 h 45 min 42 sec","ESTUAIRE DE LA LOIRE (DONGES)","PAYS NANTAIS ET VENDEEN",,316264.90,6703060.84,47.32,-2.08,4,"ASSEZ SURE"
60103,1971/03/24,"8 h 21 min 52 sec","MONTAGNES DU HAUT-VAR (VALBERG-PEONE)","ALPES MARITIMES",,1052622.96,6309899.22,43.80,7.38,3.5,"INFORMATION ISOLÉE"
50083,1971/05/27,"14 h 53 min 40 sec","QUEYRAS (MONT-DAUPHIN)","ALPES DAUPHINOISES",PRECURSEUR,986586.64,6402959.79,44.67,6.62,,
50079,1971/06/06,"21 h 59 min 11 sec","QUEYRAS (MONT-DAUPHIN)","ALPES DAUPHINOISES",,991865.49,6403203.97,44.67,6.68,5.5,"ASSEZ SURE"
50084,1971/06/11,,"QUEYRAS (MONT-DAUPHIN)","ALPES DAUPHINOISES",REPLIQUE,986586.64,6402959.79,44.67,6.62,,
640509,1971/06/16,"4 h 42 min","BEARN (MONTORY)","PYRENEES OCCIDENTALES",,389165.73,6229816.01,43.10,-0.82,4,"INFORMATION ISOLÉE"
390015,1971/06/21,"5 h 2 min 48 sec","JURA (VAUX-LES-SAINT-CLAUDE)",FRANCHE-COMTE,PRECURSEUR,910153.29,6586979.51,46.35,5.73,,
390016,1971/06/21,"7 h 25 min 32 sec","JURA (VAUX-LES-SAINT-CLAUDE)",FRANCHE-COMTE,,908808.76,6588785.12,46.37,5.72,7,SURE
390017,1971/06/21,"8 h 25 min","JURA (VAUX-LES-SAINT-CLAUDE)",FRANCHE-COMTE,REPLIQUE,910153.29,6586979.51,46.35,5.73,,
390018,1971/07/02,"0 h 5 min","JURA (VAUX-LES-SAINT-CLAUDE)",FRANCHE-COMTE,REPLIQUE,910153.29,6586979.51,46.35,5.73,,
390019,1971/07/02,"5 h 20 min","JURA (VAUX-LES-SAINT-CLAUDE)",FRANCHE-COMTE,REPLIQUE,910153.29,6586979.51,46.35,5.73,,
390020,1971/07/08,"22 h 25 min","JURA (LAVANCIA-EPERCY)",FRANCHE-COMTE,,906373.40,6584997.80,46.33,5.68,,
50080,1971/08/15,"0 h 36 min 45 sec","QUEYRAS (CHATEAU-VILLE-VIEILLE)","ALPES DAUPHINOISES",,997492.87,6423855.73,44.85,6.77,5,"ASSEZ SURE"
50094,1971/08/15,"0 h 48 min 47 sec","QUEYRAS (ABRIES)","ALPES DAUPHINOISES",REPLIQUE,1010922.08,6418950.88,44.80,6.93,,
880038,1971/09/03,"21 h 33 min 8 sec","HAUTES-VOSGES (RAMBERVILLERS, DESTORD)",VOSGES,,969428.54,6804310.96,48.28,6.63,5,"ASSEZ SURE"
650403,1971/09/07,"7 h 54 min 26 sec","BIGORRE (CAMPAN)","PYRENEES CENTRALES",,464529.51,6209923.60,42.95,0.12,5,"ASSEZ SURE"
200011,1971/09/29,"20 h 47 min 32 sec","CASTAGNICCIA (SAN GIULIANO)",CORSE,,1234920.84,6155296.61,42.30,9.48,3.5,INCERTAINE
850042,1971/11/30,"5 h 23 min 18 sec","COTE VENDEENNE (ST-GILLES-CROIX-DE-VIE)","PAYS NANTAIS ET VENDEEN",,302963.13,6635289.52,46.70,-2.20,4.5,ARBITRAIRE
300015,1971/12/10,"0 h 2 min 41 sec","COTES DU RHONE (PUJAUT)",CEVENNES,,840226.23,6329442.61,44.05,4.75,4.5,INCERTAINE
300023,1971/12/11,"7 h 45 min","COTES DU RHONE (PUJAUT)",CEVENNES,REPLIQUE,843022.19,6323948.26,44.00,4.78,4,"INFORMATION ISOLÉE"
860035,1971/12/17,"4 h 46 min 40 sec","PLAINES DU HAUT-POITOU (W. LATILLE ?)",POITOU,,495970.32,6616402.17,46.62,0.33,4,INCERTAINE
40135,1972/01/21,"1 h 9 min 26 sec","HAUT-VERDON (CASTELLANE)","ALPES PROVENCALES",,982707.30,6311961.93,43.85,6.52,4,INCERTAINE
640477,1972/01/23,"21 h 37 min","BEARN (LACQ)","PYRENEES OCCIDENTALES","SECOUSSE INDIVIDUALISEE D UN ESSAIM",410850.33,6258479.39,43.37,-0.57,,
640367,1972/01/24,"2 h 46 min 31 sec","BEARN (LACQ)","PYRENEES OCCIDENTALES","SECOUSSE INDIVIDUALISEE D UN ESSAIM",410850.33,6258479.39,43.37,-0.57,4,"ASSEZ SURE"
640478,1972/01/24,"4 h","BEARN (LACQ)","PYRENEES OCCIDENTALES","SECOUSSE INDIVIDUALISEE D UN ESSAIM",410850.33,6258479.39,43.37,-0.57,,
640368,1972/01/25,"4 h 15 min","BEARN (LACQ)","PYRENEES OCCIDENTALES","SECOUSSE INDIVIDUALISEE D UN ESSAIM",410850.33,6258479.39,43.37,-0.57,,
640479,1972/01/25,"9 h 15 min","BEARN (LACQ)","PYRENEES OCCIDENTALES","SECOUSSE INDIVIDUALISEE D UN ESSAIM",410850.33,6258479.39,43.37,-0.57,,
640480,1972/01/25,"15 h 15 min","BEARN (LACQ)","PYRENEES OCCIDENTALES","SECOUSSE INDIVIDUALISEE D UN ESSAIM",410850.33,6258479.39,43.37,-0.57,,
640481,1972/02/02,"23 h","BEARN (LACQ)","PYRENEES OCCIDENTALES","SECOUSSE INDIVIDUALISEE D UN ESSAIM",410850.33,6258479.39,43.37,-0.57,,
640482,1972/02/02,"23 h 30 min","BEARN (LACQ)","PYRENEES OCCIDENTALES","SECOUSSE INDIVIDUALISEE D UN ESSAIM",410850.33,6258479.39,43.37,-0.57,,
860030,1972/03/17,"5 h 33 min 28 sec","CHATELLERAUDAIS (PUSSIGNY)",POITOU,,515071.78,6656529.30,46.98,0.57,5,SURE
860034,1972/03/17,"6 h 16 min 37 sec","CHATELLERAUDAIS (PUSSIGNY)",POITOU,REPLIQUE,515071.78,6656529.30,46.98,0.57,,
50095,1972/03/28,"1 h 53 min 13 sec","BRIANCONNAIS (LA SALLE)","ALPES DAUPHINOISES",,981206.32,6434217.71,44.95,6.57,,
390021,1972/03/31,"3 h 54 min 31 sec","PLATEAUX JURASSIENS (CLAIRVAUX-LES-LACS)",FRANCHE-COMTE,,910531.94,6612921.10,46.58,5.75,4.5,"ASSEZ SURE"
40136,1972/06/19,"4 h 9 min 50 sec","PREALPES DE DIGNE (LA BREOLE)","ALPES PROVENCALES",,960017.66,6374004.03,44.42,6.27,5,"ASSEZ SURE"
170079,1972/09/07,"22 h 26 min 54 sec","ILE D'OLERON",CHARENTES,,363205.20,6548200.61,45.95,-1.35,7,SURE
170106,1972/09/07,"22 h 42 min 4 sec","ILE D'OLERON",CHARENTES,REPLIQUE,367072.56,6547988.57,45.95,-1.30,,
170080,1972/09/08,"1 h 51 min 48 sec","ILE D'OLERON",CHARENTES,REPLIQUE,367072.56,6547988.57,45.95,-1.30,5,INCERTAINE
170081,1972/09/08,"4 h 58 min 27 sec","ILE D'OLERON",CHARENTES,REPLIQUE,376390.96,6553048.06,46.00,-1.18,,
170082,1972/09/08,"6 h 31 min 44 sec","ILE D'OLERON",CHARENTES,REPLIQUE,374111.16,6558729.83,46.05,-1.22,,
170083,1972/09/08,"8 h 1 min 24 sec","ILE D'OLERON",CHARENTES,REPLIQUE,376390.96,6553048.06,46.00,-1.18,,
170084,1972/09/08,"9 h 20 min 11 sec","ILE D'OLERON",CHARENTES,REPLIQUE,379939.40,6571394.93,46.17,-1.15,,"INFORMATION ISOLÉE"
170107,1972/09/08,"0 h 31 min 33 sec","ILE D'OLERON",CHARENTES,REPLIQUE,361140.52,6557583.23,46.03,-1.38,,
170085,1972/09/09,"2 h 48 min 1 sec","ILE D'OLERON",CHARENTES,REPLIQUE,367072.56,6547988.57,45.95,-1.30,5,INCERTAINE
170086,1972/09/09,"3 h 6 min 23 sec","ILE D'OLERON",CHARENTES,REPLIQUE,367072.56,6547988.57,45.95,-1.30,,
170087,1972/09/10,"2 h 26 min 4 sec","ILE D'OLERON",CHARENTES,REPLIQUE,367072.56,6547988.57,45.95,-1.30,,"INFORMATION ISOLÉE"
170088,1972/09/11,"5 h 1 min 46 sec","ILE D'OLERON",CHARENTES,REPLIQUE,370641.34,6542234.51,45.90,-1.25,,
170089,1972/09/11,"7 h 48 min 32 sec","ILE D'OLERON",CHARENTES,REPLIQUE,369164.53,6562703.34,46.08,-1.28,5,"ASSEZ SURE"
640510,1972/11/11,"0 h 47 min","BEARN (MONTORY)","PYRENEES OCCIDENTALES",,389165.73,6229816.01,43.10,-0.82,3.5,"INFORMATION ISOLÉE"
170090,1972/11/12,"2 h 43 min 10 sec","ILE D'OLERON",CHARENTES,REPLIQUE,367072.56,6547988.57,45.95,-1.30,,
840100,1972/12/09,"5 h 36 min 31 sec","COMTAT (CARPENTRAS)",VAUCLUSE,,854959.12,6327933.93,44.03,4.93,4,"ASSEZ SURE"
640369,1972/12/15,"9 h 4 min 40 sec","BEARN (LURBE-SAINT-CHRISTAU)","PYRENEES OCCIDENTALES",,405527.13,6230900.45,43.12,-0.62,4,"ASSEZ SURE"
640370,1972/12/31,"7 h 16 min 56 sec","BEARN (VIELLESEGURE-LACQ)","PYRENEES OCCIDENTALES",,401571.74,6262614.78,43.40,-0.68,5,"ASSEZ SURE"
640371,1973/01/02,"15 h 49 min","BEARN (OGEU-LES-BAINS)","PYRENEES OCCIDENTALES",,415184.16,6234174.69,43.15,-0.50,,
170091,1973/01/06,"2 h 6 min 38 sec","ILE D'OLERON",CHARENTES,REPLIQUE,362222.99,6553815.86,46.00,-1.37,5,"ASSEZ SURE"
170092,1973/01/20,"10 h 37 min 29 sec","ILE D'OLERON",CHARENTES,REPLIQUE,367072.56,6547988.57,45.95,-1.30,5,"ASSEZ SURE"
640372,1973/02/15,"17 h 4 min","BEARN (ESTIALESCQ)","PYRENEES OCCIDENTALES",,410097.40,6241821.59,43.22,-0.57,4.5,INCERTAINE
170093,1973/02/19,"20 h 27 min 51 sec","ILE D'OLERON",CHARENTES,REPLIQUE,374315.67,6538330.77,45.87,-1.20,,
880039,1973/02/22,"6 h 48 min 32 sec","HAUTES-VOSGES (S-W. RAMBERVILLERS)",VOSGES,,960700.55,6805769.87,48.30,6.52,4,INCERTAINE
640373,1973/04/11,"3 h 10 min 25 sec","BEARN (LURBE-SAINT-CHRISTAU)","PYRENEES OCCIDENTALES",,405357.44,6227198.18,43.08,-0.62,4,"ASSEZ SURE"
170094,1973/04/25,"21 h 25 min 48 sec","ILE D'OLERON",CHARENTES,REPLIQUE,367072.56,6547988.57,45.95,-1.30,,
880040,1973/07/22,"21 h 6 min 58 sec","HAUTES-VOSGES (RAMBERVILLERS, NONZEVILLE)",VOSGES,,969513.74,6802460.62,48.27,6.63,4.5,INCERTAINE
30025,1973/08/26,"4 h 46 min 56 sec","HAUTE-MARCHE (MONTLUCON)",BOURBONNAIS,,669230.47,6581568.87,46.33,2.60,3,"INFORMATION ISOLÉE"
650404,1973/09/19,"23 h 29 min 4 sec","BEARN (ARTHEZ-D'ASSON)","PYRENEES OCCIDENTALES",,435058.74,6222196.29,43.05,-0.25,5,"ASSEZ SURE"
640374,1973/11/12,"21 h 5 min","PAYS BASQUE (TARDETS-SORHOLUS)","PYRENEES OCCIDENTALES",,385187.61,6231864.97,43.12,-0.87,4,INCERTAINE
640375,1973/12/13,"8 h 8 min 43 sec","BEARN (NAY-BOURDETTES)","PYRENEES OCCIDENTALES",,434160.64,6233361.10,43.15,-0.27,6.5,"ASSEZ SURE"
640511,1974/01/26,"1 h 19 min","PAYS BASQUE (TARDETS-SORHOLUS)","PYRENEES OCCIDENTALES",,386453.19,6229947.80,43.10,-0.85,,
40137,1974/02/08,"20 h 12 min 17 sec","PREALPES DE DIGNE (THORAME)","ALPES PROVENCALES",,978559.31,6345144.43,44.15,6.48,5,"ASSEZ SURE"
50085,1974/02/18,"10 h 30 min","BRIANCONNAIS (BRIANCON)","ALPES DAUPHINOISES",PRECURSEUR,986714.23,6428909.85,44.90,6.63,,
640512,1974/02/19,"19 h 45 min","BEARN (MONTORY)","PYRENEES OCCIDENTALES",,389165.73,6229816.01,43.10,-0.82,3.5,"ASSEZ SURE"
50081,1974/02/22,"12 h 39 min 27 sec","BRIANCONNAIS (BRIANCON)","ALPES DAUPHINOISES",,981289.91,6432368.45,44.93,6.57,4.5,INCERTAINE
850043,1974/03/02,"0 h 23 min 35 sec","PERTUIS BRETON  (W. LA TRANCHE-SUR-MER)","PAYS NANTAIS ET VENDEEN",,342400.46,6590172.46,46.32,-1.65,3,"ASSEZ SURE"
300016,1974/03/13,"3 h 17 min 34 sec","COTES DU RHONE (ROCHEFORT-DU-GARD)",CEVENNES,"GROUPE DE SECOUSSES D UN ESSAIM",837756.99,6320126.90,43.97,4.72,,
120004,1974/04/18,"2 h 24 min 34 sec","CHATAIGNERAIE (CONQUES)",QUERCY-ROUERGUE,,653637.55,6379904.67,44.52,2.42,5,"ASSEZ SURE"
260191,1974/05/10,"2 h 10 min 23 sec","TRICASTIN (PIERRELATTE)",DAUPHINE,"GROUPE DE SECOUSSES D UN ESSAIM",843345.69,6368407.19,44.40,4.80,,
90030,1974/08/06,"9 h 12 min 6 sec","DONEZAN (AX-LES-THERMES)","PYRENEES CENTRALES",,604212.25,6172968.06,42.65,1.83,5,INCERTAINE
40138,1974/08/07,"20 h 38 min 30 sec","UBAYE (LE LAUZET)","ALPES PROVENCALES",,969219.06,6376244.75,44.43,6.38,5,"ASSEZ SURE"
640376,1974/08/13,"12 h 52 min 13 sec","PAYS BASQUE (ST-JEAN-PIED-DE-PORT)","PYRENEES OCCIDENTALES",,355660.01,6238947.02,43.17,-1.23,3,"INFORMATION ISOLÉE"
1130100,1974/09/08,"12 h 57 min 31 sec","MEDITERRANEE (S-E. MONACO)","ALPES MARITIMES",,1049722.25,6289333.68,43.62,7.33,3,ARBITRAIRE
640377,1974/10/31,"7 h 15 min 40 sec","BEARN (ARAMITS)","PYRENEES OCCIDENTALES",,404085.88,6229111.64,43.10,-0.63,5,"ASSEZ SURE"
880041,1974/11/12,"2 h 58 min 38 sec","HAUTES-VOSGES (AYDOILLES)",VOSGES,,962266.67,6798422.94,48.23,6.53,5,"ASSEZ SURE"
640378,1974/12/30,"4 h 21 min 21 sec","PAYS BASQUE (LACARRY-ARHAN)","PYRENEES OCCIDENTALES",,382384.45,6230147.63,43.10,-0.90,4,"ASSEZ SURE"
370021,1975/01/07,"6 h 27 min 7 sec","PLATEAU DE SAINTE-MAURE (JAULNAY ?)",TOURAINE,,504761.67,6651299.67,46.93,0.43,,
390023,1975/01/08,"9 h 12 min 45 sec","PLATEAUX JURASSIENS (SALINS-LES-BAINS)",FRANCHE-COMTE,,915912.92,6640893.86,46.83,5.83,3,"ASSEZ SURE"
70010,1975/02/19,"17 h 49 min 15 sec","BAS-VIVARAIS (BOURG-SAINT-ANDEOL)",CEVENNES,,831479.41,6364444.07,44.37,4.65,4.5,"ASSEZ SURE"
410004,1975/03/29,"22 h 58 min 31 sec","SOLOGNE (SALBRIS ?)","ORLEANAIS-BLESOIS-PAYS CHARTRAIN",,629365.40,6680014.25,47.22,2.07,3.5,ARBITRAIRE
230025,1975/04/13,"4 h 56 min 29 sec","HAUTE-MARCHE (DUN-LE-PALESTEL)",LIMOUSIN,,599881.23,6574911.68,46.27,1.70,5.5,"ASSEZ SURE"
740117,1975/05/29,"0 h 32 min 40 sec","AVANT-PAYS SAVOYARD (FRANGY)","ALPES SAVOYARDES",,928186.96,6550587.71,46.02,5.95,5.5,"ASSEZ SURE"
740127,1975/05/29,"0 h 45 min 10 sec","AVANT-PAYS SAVOYARD (FRANGY)","ALPES SAVOYARDES",REPLIQUE,928186.96,6550587.71,46.02,5.95,,
740128,1975/05/29,"1 h","AVANT-PAYS SAVOYARD (FRANGY)","ALPES SAVOYARDES",REPLIQUE,928186.96,6550587.71,46.02,5.95,,
360023,1975/06/05,"23 h 24 min 6 sec","CHAMPAGNE BERRICHONNE (NEUVY-PAILLOUX ?)",BERRY,,611160.84,6643229.29,46.88,1.83,3,ARBITRAIRE
640513,1975/07/22,"1 h 20 min","BEARN (MONTORY)","PYRENEES OCCIDENTALES",,390522.06,6229750.55,43.10,-0.80,,
640514,1975/08/04,"14 h 21 min","BEARN (MONTORY)","PYRENEES OCCIDENTALES",,389434.32,6235368.53,43.15,-0.82,,
220025,1975/08/30,"14 h 7 min 50 sec","TREGOR (BEGARD)",BRETAGNE,,238411.92,6851636.88,48.60,-3.27,5.5,INCERTAINE
860031,1975/12/28,"2 h 16 min 8 sec","BRANDES DU HAUT-POITOU (N-W. FLEURE)",POITOU,,508307.65,6603034.80,46.50,0.50,4,"ASSEZ SURE"
170096,1976/01/10,"22 h 3 min 3 sec","ILE D'OLERON",CHARENTES,,376390.96,6553048.06,46.00,-1.18,,
170097,1976/02/11,"23 h 43 min 55 sec","ILE D'OLERON",CHARENTES,,362120.69,6551967.82,45.98,-1.37,4,"ASSEZ SURE"
50082,1976/06/07,"0 h 8 min 49 sec","QUEYRAS (GUILLESTRE)","ALPES DAUPHINOISES",,989055.00,6406779.88,44.70,6.65,4,INCERTAINE
640379,1976/06/27,"7 h 45 min 23 sec","PAYS BASQUE (ARNEGUY)","PYRENEES OCCIDENTALES",,351295.57,6233615.59,43.12,-1.28,3.5,"INFORMATION ISOLÉE"
180023,1976/08/12,"22 h 52 min 33 sec","SANCERROIS (SANCERRE)",BERRY,,688672.37,6692566.86,47.33,2.85,4,SURE
870020,1976/09/08,"19 h 54 min 41 sec","PLATEAU DU LIMOUSIN (S-W. ORADOUR-SUR-VAYRES)",LIMOUSIN,,528777.89,6511693.19,45.68,0.80,5,SURE
340020,1976/09/27,"3 h 30 min","PLATEAU DE L'ESPINOUZE (ST-GERVAIS-SUR-MARE)",LANGUEDOC,PRECURSEUR,702689.15,6285292.60,43.67,3.03,3,"ASSEZ SURE"
340021,1976/09/27,"4 h 13 min 35 sec","PLATEAU DE L'ESPINOUZE (ST-GERVAIS-SUR-MARE)",LANGUEDOC,,702689.15,6285292.60,43.67,3.03,4,INCERTAINE
850044,1976/10/09,"1 h","ATLANTIQUE (S. ILE D'YEU)","PAYS NANTAIS ET VENDEEN",,287599.36,6615914.30,46.52,-2.38,,
40139,1976/10/18,"11 h 56 min 14 sec","UBAYE (LE LAUZET)","ALPES PROVENCALES",,973195.18,6376416.48,44.43,6.43,4,"ASSEZ SURE"
640515,1976/12/11,"3 h 51 min 45 sec","PAYS BASQUE (TARDETS-SORHOLUS)","PYRENEES OCCIDENTALES",,385187.61,6231864.97,43.12,-0.87,,"INFORMATION ISOLÉE"
640380,1976/12/12,"13 h 17 min 33 sec","OSSAU (IZESTE)","PYRENEES OCCIDENTALES",,420364.17,6228382.75,43.10,-0.43,4,"INFORMATION ISOLÉE"
360024,1976/12/23,,"MARCHE-BOISCHAUT (EGUZON)",BERRY,,591229.16,6593572.05,46.43,1.58,,
360025,1977/04/06,"11 h 9 min 33 sec","MARCHE-BOISCHAUT (EGUZON)",BERRY,,598998.95,6598991.13,46.48,1.68,5,INCERTAINE
360026,1977/04/16,"0 h 10 min 9 sec","MARCHE-BOISCHAUT (EGUZON)",BERRY,"SECOUSSE INDIVIDUALISEE D UN ESSAIM",598998.95,6598991.13,46.48,1.68,,
360027,1977/04/26,"11 h 39 min 39 sec","MARCHE-BOISCHAUT (EGUZON)",BERRY,"SECOUSSE INDIVIDUALISEE D UN ESSAIM",598998.95,6598991.13,46.48,1.68,,
30026,1977/04/27,"23 h 25 min 20 sec","BOCAGE BOURBONNAIS (CERILLY)",BOURBONNAIS,,687237.89,6609268.13,46.58,2.83,5,SURE
30027,1977/04/28,"3 h 22 min 23 sec","BOCAGE BOURBONNAIS (CERILLY)",BOURBONNAIS,REPLIQUE,703828.63,6609255.88,46.58,3.05,,
870022,1977/04/29,"18 h 15 min 2 sec","PLATEAU DU LIMOUSIN (CHALUS)",LIMOUSIN,,542948.60,6507611.74,45.65,0.98,3,INCERTAINE
640381,1977/04/30,"22 h 41 min 38 sec","BEARN (MOURENX)","PYRENEES OCCIDENTALES",,405449.49,6258725.80,43.37,-0.63,5,"INFORMATION ISOLÉE"
360028,1977/05/17,"2 h 49 min 47 sec","MARCHE-BOISCHAUT (EGUZON)",BERRY,"SECOUSSE INDIVIDUALISEE D UN ESSAIM",598998.95,6598991.13,46.48,1.68,5,INCERTAINE
700019,1977/06/27,"21 h 30 min","PLATEAU DE HAUTE-SAONE (VESOUL)",FRANCHE-COMTE,,934060.07,6728651.54,47.62,6.12,4,"ASSEZ SURE"
640382,1977/07/22,"23 h 15 min","BEARN (PAU)","PYRENEES OCCIDENTALES",,426738.33,6250363.45,43.30,-0.37,,
310029,1977/07/26,"22 h 45 min","HAUT-COMMINGES (LUCHON)","PYRENEES CENTRALES",,503481.12,6191930.10,42.80,0.60,4,"INFORMATION ISOLÉE"
40144,1977/08,,"UBAYE (LARCHE)","ALPES PROVENCALES","GROUPE DE SECOUSSES D UN ESSAIM",1006234.87,6379794.78,44.45,6.85,,
640383,1977/08/09,"23 h 9 min 9 sec","BEARN (MONTORY)","PYRENEES OCCIDENTALES",,387809.50,6229881.76,43.10,-0.83,3.5,"ASSEZ SURE"
640384,1977/08/10,"23 h 54 min","BEARN (MONTORY)","PYRENEES OCCIDENTALES",REPLIQUE,389165.73,6229816.01,43.10,-0.82,3,"INFORMATION ISOLÉE"
40145,1977/09,,"UBAYE (LARCHE)","ALPES PROVENCALES","GROUPE DE SECOUSSES D UN ESSAIM",1006234.87,6379794.78,44.45,6.85,,
650405,1977/09/01,"20 h 43 min 24 sec","LAVEDAN (FERRIERES)","PYRENEES CENTRALES",PRECURSEUR,433547.53,6218549.27,43.02,-0.27,4,"INFORMATION ISOLÉE"
650407,1977/09/07,"22 h 50 min 35 sec","LAVEDAN (FERRIERES)","PYRENEES CENTRALES",,433624.17,6220400.77,43.03,-0.27,5,"ASSEZ SURE"
650408,1977/09/07,"23 h","LAVEDAN (FERRIERES)","PYRENEES CENTRALES","GROUPE DE SECOUSSES D UN ESSAIM",433624.17,6220400.77,43.03,-0.27,,
650409,1977/09/08,"2 h","LAVEDAN (FERRIERES)","PYRENEES CENTRALES","GROUPE DE SECOUSSES D UN ESSAIM",433624.17,6220400.77,43.03,-0.27,,
640385,1977/09/12,"22 h 20 min 28 sec","PAYS BASQUE (STE-ENGRACE)","PYRENEES OCCIDENTALES",,383285.22,6220826.43,43.02,-0.88,6.5,INCERTAINE
650410,1977/09/29,"1 h 58 min 50 sec","BIGORRE (BAGNERES-DE-BIGORRE)","PYRENEES CENTRALES",,466360.80,6222837.84,43.07,0.13,5,"ASSEZ SURE"
650411,1977/09/29,"2 h 5 min 30 sec","BIGORRE (BAGNERES-DE-BIGORRE)","PYRENEES CENTRALES",REPLIQUE,466360.80,6222837.84,43.07,0.13,,
1130154,1977/10/03,"1 h 26 min 38 sec","UBAYE (LARCHE)","ALPES PROVENCALES",,1006234.87,6379794.78,44.45,6.85,,
170098,1977/10/10,"6 h 5 min 57 sec","ILE D'OLERON",CHARENTES,,370450.52,6562633.65,46.08,-1.27,5,INCERTAINE
170099,1977/10/13,"2 h 31 min 55 sec","ILE D'OLERON",CHARENTES,REPLIQUE,379939.40,6571394.93,46.17,-1.15,3,"INFORMATION ISOLÉE"
640386,1977/11/09,"16 h 24 min","BEARN (ARETTE)","PYRENEES OCCIDENTALES",,397303.76,6229427.52,43.10,-0.72,,
640387,1977/12/01,"16 h 7 min","BEARN (SAUVETERRE-DE-BEARN)","PYRENEES OCCIDENTALES",,379983.46,6263659.07,43.40,-0.95,5,"INFORMATION ISOLÉE"
670114,1977/12/16,"20 h 28 min 7 sec","PLAINE DE BASSE-ALSACE (MOLSHEIM)",ALSACE,,1029698.03,6833374.48,48.52,7.47,4.5,SURE
40146,1978/01,,"UBAYE (LARCHE)","ALPES PROVENCALES","GROUPE DE SECOUSSES D UN ESSAIM",1006234.87,6379794.78,44.45,6.85,,
640388,1978/01/05,"1 h 12 min 25 sec","BEARN (MONTORY)","PYRENEES OCCIDENTALES",,390611.21,6231601.47,43.12,-0.80,4,"ASSEZ SURE"
30032,1978/02/11,"14 h 13 min 14 sec","COMBRAILLE (N-W. ST-POURCAIN-SUR-SIOULE)",BOURBONNAIS,,708963.57,6588901.15,46.40,3.12,4,SURE
640389,1978/02/17,"2 h 34 min 17 sec","BEARN (ARETTE)","PYRENEES OCCIDENTALES",,393234.69,6229620.48,43.10,-0.77,4,"ASSEZ SURE"
640390,1978/02/17,"4 h 33 min 41 sec","BEARN (ARETTE)","PYRENEES OCCIDENTALES",,393234.69,6229620.48,43.10,-0.77,4,"ASSEZ SURE"
640391,1978/02/17,"19 h 39 min 8 sec","BEARN (MONTORY)","PYRENEES OCCIDENTALES",,393234.69,6229620.48,43.10,-0.77,,
200012,1978/04/02,"20 h 10 min 20 sec","CASTAGNICCIA (CERVIONE)",CORSE,PRECURSEUR,1236597.85,6151713.30,42.27,9.50,4,INCERTAINE
640392,1978/04/02,"22 h 53 min","BEARN (MONTORY)","PYRENEES OCCIDENTALES",,389165.73,6229816.01,43.10,-0.82,3.5,"ASSEZ SURE"
200013,1978/04/03,"6 h 26 min 42 sec","CASTAGNICCIA (CERVIONE)",CORSE,,1236597.85,6151713.30,42.27,9.50,6,"ASSEZ SURE"
200014,1978/04/08,"3 h 33 min 16 sec","CASTAGNICCIA (CERVIONE)",CORSE,REPLIQUE,1236140.40,6157257.85,42.32,9.50,,
200015,1978/04/18,,"PAYS D'AJACCIO (BASTELICA)",CORSE,,1201795.76,6119171.38,42.00,9.05,,
200016,1978/04/21,"12 h 57 min 9 sec","CASTAGNICCIA (CERVIONE)",CORSE,REPLIQUE,1229583.13,6152998.92,42.28,9.42,,
200017,1978/04/26,,"PAYS D'AJACCIO (EVISA)",CORSE,,1179056.74,6145362.43,42.25,8.80,,
640393,1978/06/11,"8 h 28 min 10 sec","BEARN (OLORON-SAINTE-MARIE)","PYRENEES OCCIDENTALES",,405951.33,6240155.47,43.20,-0.62,,
40191,1978/07/22,"18 h 56 min 40 sec","HAUT-VERDON (CASTELLANE)","ALPES PROVENCALES",,976173.30,6307966.53,43.82,6.43,,
640394,1978/08/19,"4 h 20 min 37 sec","BEARN (ARTIX)","PYRENEES OCCIDENTALES",,408234.32,6260452.66,43.38,-0.60,3.5,INCERTAINE
640395,1978/08/20,"22 h 9 min 43 sec","BEARN (MOURENX)","PYRENEES OCCIDENTALES",,405449.49,6258725.80,43.37,-0.63,,
340022,1978/08/29,"22 h 23 min 48 sec","LODEVOIS (SOUBES)",LANGUEDOC,,728187.00,6296467.66,43.77,3.35,4.5,SURE
870023,1978/09/03,"3 h 51 min 36 sec","MONTS D'AMBAZAC (AMBAZAC)",LIMOUSIN,,571138.49,6551386.37,46.05,1.33,,
640396,1978/09/18,"18 h 14 min 34 sec","BEARN (SERRES-SAINTE-MARIE)","PYRENEES OCCIDENTALES",,412450.39,6263970.74,43.42,-0.55,5,SURE
660001,1978/11/03,"6 h 38 min 0 sec","FENOUILLEDES (ESTAGEL)","PYRENEES ORIENTALES",,676803.01,6190838.52,42.82,2.72,5.5,"ASSEZ SURE"
870021,1978/11/06,"10 h 48 min 24 sec","PLATEAU DU LIMOUSIN (CHALUS)",LIMOUSIN,,536608.06,6513331.51,45.70,0.90,5.5,"ASSEZ SURE"
640397,1978/11/19,"11 h 32 min 2 sec","BEARN (MONTORY)","PYRENEES OCCIDENTALES",,389165.73,6229816.01,43.10,-0.82,4.5,"ASSEZ SURE"
40142,1978/12/23,"2 h 47 min 33 sec","UBAYE (BARCELONNETTE)","ALPES PROVENCALES",,990680.43,6371641.23,44.38,6.65,4.5,"ASSEZ SURE"
40143,1978/12/24,"8 h 41 min 51 sec","UBAYE (BARCELONNETTE)","ALPES PROVENCALES",REPLIQUE,990680.43,6371641.23,44.38,6.65,4,"INFORMATION ISOLÉE"
170001,1979/01/13,"14 h 57 min 7 sec","ILE D'OLERON",CHARENTES,,374414.07,6540178.92,45.88,-1.20,3,SURE
170002,1979/01/13,"22 h 10 min 4 sec","ILE D'OLERON",CHARENTES,REPLIQUE,386221.53,6543268.34,45.92,-1.05,3.5,SURE
220001,1979/01/13,"15 h 38 min 2 sec","MONTS D'ARREE (BOURBRIAC)",BRETAGNE,,242798.30,6828988.78,48.40,-3.18,4,SURE
200018,1979/01/15,"3 h 20 min 27 sec","CASTAGNICCIA (CERVIONE)",CORSE,,1236445.37,6153561.44,42.28,9.50,3.5,"ASSEZ SURE"
40149,1979/01/23,"2 h 8 min 15 sec","HAUT-VERDON (CASTELLANE)","ALPES PROVENCALES",,982707.30,6311961.93,43.85,6.52,,
200019,1979/03/27,"3 h 0 min 3 sec","NEBBIO (VIGNALE)",CORSE,,1221709.64,6182125.85,42.55,9.35,5,SURE
260176,1979/04/16,"12 h 27 min 12 sec","DIOIS (CHASTEL-ARNAUD)",DAUPHINE,,877061.15,6397048.26,44.65,5.23,5.5,"ASSEZ SURE"
650001,1979/04/19,"5 h 7 min 59 sec","LAVEDAN (ARGELES-GAZOST)","PYRENEES CENTRALES",,447134.89,6218001.20,43.02,-0.10,3.5,"ASSEZ SURE"
640158,1979/04/20,"19 h 40 min 47 sec","BEARN (LACQ)","PYRENEES OCCIDENTALES",,408403.19,6264154.10,43.42,-0.60,4.5,SURE
620001,1979/05/17,"1 h 22 min 17 sec","FLANDRE (ARQUES)",FLANDRE-ARTOIS,,651653.62,7069091.30,50.72,2.32,4.5,SURE
640159,1979/07/06,"11 h 59 min 49 sec","OSSAU (ASTE-BEON)","PYRENEES OCCIDENTALES",,421480.25,6222769.83,43.05,-0.42,4,SURE
640418,1979/07/18,"15 h 17 min","BEARN (ARETTE)","PYRENEES OCCIDENTALES",,401372.96,6229237.14,43.10,-0.67,3,INCERTAINE
40147,1979/09/01,"20 h 16 min 5 sec","UBAYE (ST-PAUL)","ALPES PROVENCALES",,997935.21,6386809.36,44.52,6.75,4.5,"ASSEZ SURE"
680090,1979/09/25,"23 h 20 min","SUNDGAU (ATTENSCHWILLER)",ALSACE,,1035666.63,6727973.27,47.57,7.47,4,SURE
650002,1979/09/28,"5 h 28 min 46 sec","HAUT-COMMINGES (ANERES-MONTREJEAU)","PYRENEES CENTRALES",,494935.23,6223717.50,43.08,0.48,5,"ASSEZ SURE"
40153,1979/10/07,"8 h 57 min 56 sec","MOYENNE-DURANCE (MANOSQUE)","ALPES PROVENCALES",,923846.98,6307759.07,43.83,5.78,3,"INFORMATION ISOLÉE"
40154,1979/10/08,"0 h 59 min 47 sec","MOYENNE-DURANCE (MANOSQUE)","ALPES PROVENCALES",,923846.98,6307759.07,43.83,5.78,,
40155,1979/10/16,"16 h 0 min 13 sec","MOYENNE-DURANCE (MANOSQUE)","ALPES PROVENCALES",,923846.98,6307759.07,43.83,5.78,,
670115,1979/10/27,"14 h 58 min 54 sec","PLAINE DE BASSE-ALSACE (MARCKOLSHEIM)",ALSACE,,1038784.44,6804205.76,48.25,7.57,4.5,"ASSEZ SURE"
670116,1979/10/31,"6 h 31 min 40 sec","PLAINE DE BASSE-ALSACE (MARCKOLSHEIM)",ALSACE,REPLIQUE,1041362.36,6802500.07,48.23,7.60,4,SURE
380098,1979/11/22,"6 h 26 min 49 sec","VERCORS (MONTEYNARD)",DAUPHINE,PRECURSEUR,907836.86,6425778.25,44.90,5.63,4,INCERTAINE
380099,1979/11/22,"7 h 24 min 7 sec","VERCORS (MONTEYNARD)",DAUPHINE,,910404.26,6427716.66,44.92,5.67,6,SURE
1130136,1979/11/28,"12 h 9 min 18 sec","MEDITERRANEE (S-E. CAP MARTIN)","ALPES MARITIMES",,1062631.33,6299332.27,43.70,7.50,3,INCERTAINE
60112,1979/12/04,"8 h 47 min 40 sec","ALPES NICOISES (ISOLA)","ALPES MARITIMES",,1023648.38,6351004.46,44.18,7.05,4,"INFORMATION ISOLÉE"
660002,1979/12/05,"23 h 2 min 30 sec","VALLESPIR (PRATS-DE-MOLLO)","PYRENEES ORIENTALES",,650623.73,6157616.75,42.52,2.40,5,SURE
380100,1979/12/21,"13 h 52 min","VERCORS (MONTEYNARD)",DAUPHINE,REPLIQUE,911467.16,6435161.29,44.98,5.68,,
40148,1979/12/26,"19 h 41 min 4 sec","MOYENNE-DURANCE (VOLX)","ALPES PROVENCALES",,929005.82,6313502.78,43.88,5.85,5,SURE
740118,1980/01/11,"10 h 48 min 35 sec","AVANT-PAYS SAVOYARD (THONON-LES-BAINS)","ALPES SAVOYARDES",,965384.75,6585438.60,46.32,6.45,3,"ASSEZ SURE"
640413,1980/02/18,"22 h","BEARN (AUDEJOS)","PYRENEES OCCIDENTALES",PRECURSEUR,407054.12,6264215.79,43.42,-0.62,4,"ASSEZ SURE"
640414,1980/02/19,"4 h 25 min 31 sec","BEARN (AUDEJOS)","PYRENEES OCCIDENTALES",,407054.12,6264215.79,43.42,-0.62,4.5,"ASSEZ SURE"
640415,1980/02/19,"9 h 30 min","BEARN (AUDEJOS)","PYRENEES OCCIDENTALES",REPLIQUE,408487.61,6266004.67,43.43,-0.60,,
640416,1980/02/19,"11 h","BEARN (LABASTIDE-CEZERACQ)","PYRENEES OCCIDENTALES",REPLIQUE,413633.77,6260208.61,43.38,-0.53,4,"ASSEZ SURE"
170103,1980/02/29,"2 h 37 min 24 sec","BAS-PAYS CHARENTAIS (ST-AGNANT)",CHARENTES,,392393.55,6537395.09,45.87,-0.97,3.5,"INFORMATION ISOLÉE"
170104,1980/02/29,"4 h 10 min","BAS-PAYS CHARENTAIS (ST-AGNANT)",CHARENTES,REPLIQUE,392393.55,6537395.09,45.87,-0.97,,
640001,1980/02/29,"20 h 40 min 50 sec","OSSAU (ARUDY)","PYRENEES OCCIDENTALES",,428425.79,6226182.33,43.08,-0.33,7.5,SURE
640003,1980/02/29,"21 h 1 min 58 sec","OSSAU (ARUDY)","PYRENEES OCCIDENTALES",REPLIQUE,428347.59,6224330.97,43.07,-0.33,6,ARBITRAIRE
640005,1980/02/29,"22 h 58 min 2 sec","OSSAU (ARUDY)","PYRENEES OCCIDENTALES",REPLIQUE,428347.59,6224330.97,43.07,-0.33,4,INCERTAINE
640025,1980/03/01,"22 h 5 min 56 sec","OSSAU (ARUDY)","PYRENEES OCCIDENTALES",REPLIQUE,428347.59,6224330.97,43.07,-0.33,3.5,INCERTAINE
640028,1980/03/02,"2 h 22 min 32 sec","OSSAU (ARUDY)","PYRENEES OCCIDENTALES",REPLIQUE,428347.59,6224330.97,43.07,-0.33,5,ARBITRAIRE
640040,1980/03/03,"0 h 33 min 13 sec","OSSAU (ARUDY)","PYRENEES OCCIDENTALES",REPLIQUE,428347.59,6224330.97,43.07,-0.33,3.5,"ASSEZ SURE"
640045,1980/03/03,"13 h 21 min 29 sec","OSSAU (ARUDY)","PYRENEES OCCIDENTALES",REPLIQUE,428347.59,6224330.97,43.07,-0.33,3.5,"ASSEZ SURE"
640052,1980/03/04,"4 h 39 min 26 sec","OSSAU (ARUDY)","PYRENEES OCCIDENTALES",REPLIQUE,428347.59,6224330.97,43.07,-0.33,4,"ASSEZ SURE"
640079,1980/03/07,"15 h 23 min 49 sec","OSSAU (ARUDY)","PYRENEES OCCIDENTALES",REPLIQUE,428347.59,6224330.97,43.07,-0.33,4,"ASSEZ SURE"
310030,1980/03/11,"14 h 15 min 48 sec","HAUT-COMMINGES (ORE, ST-BEAT)","PYRENEES CENTRALES",,509485.99,6210292.33,42.97,0.67,5,"ASSEZ SURE"
40150,1980/03/15,"8 h 0 min 48 sec","PREALPES DE DIGNE (LA JAVIE)","ALPES PROVENCALES",,965161.44,6346420.64,44.17,6.32,5,"ASSEZ SURE"
40151,1980/03/15,"17 h 15 min 49 sec","PREALPES DE DIGNE (BARLES)","ALPES PROVENCALES",,960860.01,6353654.27,44.23,6.27,,
50087,1980/03/16,"11 h 57 min 42 sec","QUEYRAS (GUILLESTRE)","ALPES DAUPHINOISES",,989226.09,6403081.32,44.67,6.65,4,"INFORMATION ISOLÉE"
1130140,1980/03/16,"22 h 17 min 55 sec","MEDITERRANEE (S. MENTON)","ALPES MARITIMES",,1071264.74,6312817.88,43.82,7.62,4,INCERTAINE
40152,1980/03/17,"11 h 11 min 58 sec","PREALPES DE DIGNE (BARLES)","ALPES PROVENCALES",REPLIQUE,960706.85,6357354.42,44.27,6.27,,
30029,1980/03/18,"15 h 19 min 25 sec","COMBRAILLE (ST-POURCAIN-SUR-SIOULE ?)",BOURBONNAIS,,725664.72,6575992.47,46.28,3.33,4,ARBITRAIRE
640131,1980/03/18,"1 h 20 min","OSSAU (ARUDY)","PYRENEES OCCIDENTALES",REPLIQUE,428347.59,6224330.97,43.07,-0.33,3.5,"ASSEZ SURE"
50086,1980/03/21,"15 h 9 min 3 sec","LARAGNE (N-E. LARAGNE-MONTEGLIN)","ALPES DAUPHINOISES",,931049.89,6367313.60,44.37,5.90,3.5,SURE
640155,1980/03/29,"22 h 27 min","OSSAU (ARUDY)","PYRENEES OCCIDENTALES",REPLIQUE,428347.59,6224330.97,43.07,-0.33,,
630075,1980/04/01,"1 h 24 min 35 sec","MONTS-DORE (LE MONT-DORE)",AUVERGNE,,687007.40,6500067.23,45.60,2.83,4,"ASSEZ SURE"
30031,1980/04/05,"23 h","VALLEE DE L'AUMANCE (HERISSON)",BOURBONNAIS,,678277.95,6601889.94,46.52,2.72,3,"INFORMATION ISOLÉE"
30030,1980/04/09,"11 h 50 min","VALLEE DE L'ALLIER (VICHY)",BOURBONNAIS,,730891.42,6557508.04,46.12,3.40,3.5,"INFORMATION ISOLÉE"
660085,1980/05/17,"1 h 14 min 19 sec","CONFLENT (MONT-CANIGOU)","PYRENEES ORIENTALES",,653353.47,6155742.45,42.50,2.43,5,INCERTAINE
680091,1980/07/15,"12 h 17 min 22 sec","PLAINE DE HAUTE-ALSACE (HABSHEIM)",ALSACE,,1029733.75,6744331.01,47.72,7.40,6.5,"ASSEZ SURE"
680092,1980/07/15,"12 h 25 min 23 sec","PLAINE DE HAUTE-ALSACE (KEMBS)",ALSACE,"SECOUSSE INDIVIDUALISEE D UN ESSAIM",1037430.62,6741055.85,47.68,7.50,,
680093,1980/07/15,"12 h 43 min 58 sec","PLAINE DE HAUTE-ALSACE (HABSHEIM)",ALSACE,"SECOUSSE INDIVIDUALISEE D UN ESSAIM",1029630.62,6746179.80,47.73,7.40,,
680094,1980/07/15,"12 h 54 min 46 sec","PLAINE DE HAUTE-ALSACE (HABSHEIM)",ALSACE,"SECOUSSE INDIVIDUALISEE D UN ESSAIM",1029630.62,6746179.80,47.73,7.40,4,INCERTAINE
680095,1980/07/15,"13 h 2 min 52 sec","PLAINE DE HAUTE-ALSACE (KEMBS)",ALSACE,"SECOUSSE INDIVIDUALISEE D UN ESSAIM",1037430.62,6741055.85,47.68,7.50,,
680096,1980/07/15,"13 h 19 min 8 sec","PLAINE DE HAUTE-ALSACE (HABSHEIM)",ALSACE,"SECOUSSE INDIVIDUALISEE D UN ESSAIM",1029630.62,6746179.80,47.73,7.40,,
680097,1980/07/15,"13 h 31 min 42 sec","PLAINE DE HAUTE-ALSACE (HABSHEIM)",ALSACE,"SECOUSSE INDIVIDUALISEE D UN ESSAIM",1029630.62,6746179.80,47.73,7.40,3,INCERTAINE
680098,1980/07/15,"14 h 20 min 15 sec","PLAINE DE HAUTE-ALSACE (RIXHEIM)",ALSACE,"SECOUSSE INDIVIDUALISEE D UN ESSAIM",1029630.62,6746179.80,47.73,7.40,,
680099,1980/07/15,"15 h 32 min 17 sec","PLAINE DE HAUTE-ALSACE (HABSHEIM)",ALSACE,"SECOUSSE INDIVIDUALISEE D UN ESSAIM",1029630.62,6746179.80,47.73,7.40,4,INCERTAINE
680100,1980/07/16,"3 h 38 min 18 sec","PLAINE DE HAUTE-ALSACE (HABSHEIM)",ALSACE,"SECOUSSE INDIVIDUALISEE D UN ESSAIM",1028280.54,6747959.29,47.75,7.38,4.5,"ASSEZ SURE"
680101,1980/07/16,"15 h 0 min 50 sec","PLAINE DE HAUTE-ALSACE (HABSHEIM)",ALSACE,"SECOUSSE INDIVIDUALISEE D UN ESSAIM",1028280.54,6747959.29,47.75,7.38,4.5,"ASSEZ SURE"
680102,1980/07/18,"23 h 3 min 52 sec","PLAINE DE HAUTE-ALSACE (HABSHEIM)",ALSACE,"SECOUSSE INDIVIDUALISEE D UN ESSAIM",1028280.54,6747959.29,47.75,7.38,5,ARBITRAIRE
680103,1980/07/19,"20 h 27 min 49 sec","PLAINE DE HAUTE-ALSACE (HOMBOURG)",ALSACE,"SECOUSSE INDIVIDUALISEE D UN ESSAIM",1036903.25,6750299.57,47.77,7.50,4.5,"INFORMATION ISOLÉE"
680104,1980/07/22,"0 h 7 min 39 sec","PLAINE DE HAUTE-ALSACE (WITTELSHEIM)",ALSACE,,1016759.87,6752893.71,47.80,7.23,,
680105,1980/07/22,"9 h 59 min 33 sec","PLAINE DE HAUTE-ALSACE (HABSHEIM)",ALSACE,"SECOUSSE INDIVIDUALISEE D UN ESSAIM",1029733.75,6744331.01,47.72,7.40,3.5,INCERTAINE
680106,1980/07/22,"22 h 46 min 24 sec","PLAINE DE HAUTE-ALSACE (BRUNSTATT)",ALSACE,"SECOUSSE INDIVIDUALISEE D UN ESSAIM",1023495.10,6743986.31,47.72,7.32,5.5,INCERTAINE
680107,1980/07/23,"2 h 45 min 1 sec","PLAINE DE HAUTE-ALSACE (HOMBOURG)",ALSACE,"SECOUSSE INDIVIDUALISEE D UN ESSAIM",1036903.25,6750299.57,47.77,7.50,,
640420,1980/07/25,"4 h","BEARN (MONTORY)","PYRENEES OCCIDENTALES",,389165.73,6229816.01,43.10,-0.82,3,"INFORMATION ISOLÉE"
640421,1980/07/25,"11 h 45 min","BEARN (MONTORY)","PYRENEES OCCIDENTALES",,389165.73,6229816.01,43.10,-0.82,3,"INFORMATION ISOLÉE"
640419,1980/07/27,"7 h 14 min 34 sec","OSSAU (ARUDY)","PYRENEES OCCIDENTALES",REPLIQUE,426990.11,6224388.45,43.07,-0.35,5.5,"ASSEZ SURE"
860033,1980/07/27,"23 h 42 min 7 sec","BRANDES DU HAUT-POITOU (BOURG-ARCHAMBAUTL)",POITOU,,546261.89,6587139.86,46.37,1.00,4,"ASSEZ SURE"
640422,1980/08/14,"20 h 6 min 48 sec","BEARN (ARETTE)","PYRENEES OCCIDENTALES","SECOUSSE INDIVIDUALISEE D UN ESSAIM",397303.76,6229427.52,43.10,-0.72,,
640423,1980/08/14,"20 h 16 min 3 sec","BEARN (ARETTE)","PYRENEES OCCIDENTALES","SECOUSSE INDIVIDUALISEE D UN ESSAIM",397303.76,6229427.52,43.10,-0.72,,
640424,1980/08/14,"20 h 21 min 57 sec","BEARN (ARETTE)","PYRENEES OCCIDENTALES","SECOUSSE INDIVIDUALISEE D UN ESSAIM",397303.76,6229427.52,43.10,-0.72,,
640425,1980/08/14,"21 h 41 min","BEARN (ARETTE)","PYRENEES OCCIDENTALES","SECOUSSE INDIVIDUALISEE D UN ESSAIM",397303.76,6229427.52,43.10,-0.72,,
680108,1980/09/05,"1 h 46 min 1 sec","PLAINE DE HAUTE-ALSACE (PFASTATT)",ALSACE,"SECOUSSE INDIVIDUALISEE D UN ESSAIM",1023495.10,6743986.31,47.72,7.32,,
680109,1980/09/19,"1 h 54 min 19 sec","PLAINE DE HAUTE-ALSACE (RIXHEIM)",ALSACE,"SECOUSSE INDIVIDUALISEE D UN ESSAIM",1029527.49,6748028.71,47.75,7.40,5,SURE
680110,1980/09/19,"17 h 54 min 50 sec","PLAINE DE HAUTE-ALSACE (MULHOUSE)",ALSACE,"SECOUSSE INDIVIDUALISEE D UN ESSAIM",1024539.67,6747752.60,47.75,7.33,,
1130141,1980/10/10,"21 h 42 min 50 sec","UBAYE (LARCHE)","ALPES PROVENCALES",,1006234.87,6379794.78,44.45,6.85,5,"ASSEZ SURE"
640426,1980/10/12,"7 h 6 min 3 sec","BEARN (ARTIX)","PYRENEES OCCIDENTALES",,411017.63,6262180.83,43.40,-0.57,4,"INFORMATION ISOLÉE"
60111,1980/11/29,"6 h 48 min 49 sec","ALPES NICOISES (SOSPEL)","ALPES MARITIMES",,1057458.85,6319444.69,43.88,7.45,,
390024,1980/11/30,"0 h 6 min 8 sec","JURA (VESCLES)",FRANCHE-COMTE,,901248.06,6584825.73,46.33,5.62,3,SURE
740119,1980/12/02,"5 h 58 min 13 sec","BAUGES (FAVERGES)","ALPES SAVOYARDES",,956404.98,6523920.74,45.77,6.30,6.5,"ASSEZ SURE"
740120,1980/12/02,"6 h 14 min 59 sec","BAUGES (FAVERGES)","ALPES SAVOYARDES",REPLIQUE,956404.98,6523920.74,45.77,6.30,4,ARBITRAIRE
740121,1980/12/02,"6 h 42 min 48 sec","BAUGES (FAVERGES)","ALPES SAVOYARDES",REPLIQUE,956404.98,6523920.74,45.77,6.30,4,ARBITRAIRE
200020,1980/12/11,"0 h 24 min 32 sec","CASTAGNICCIA (CERVIONE)",CORSE,,1234616.67,6158992.91,42.33,9.48,4,"ASSEZ SURE"
740122,1980/12/16,"22 h 11 min 2 sec","BAUGES (FAVERGES)","ALPES SAVOYARDES",REPLIQUE,956404.98,6523920.74,45.77,6.30,,
650423,1980/12/29,"21 h","LAVEDAN (ARGELES-GAZOST)","PYRENEES CENTRALES",,447062.16,6216149.41,43.00,-0.10,,
640417,1981/02/05,"21 h 56 min 3 sec","BEARN (NAVARRENX)","PYRENEES OCCIDENTALES",,398785.79,6260890.73,43.38,-0.72,6,SURE
1130143,1981/02/08,"4 h","PIEMONT (SUSA ?)",ITALIE,PRECURSEUR,1004333.96,6472371.21,45.28,6.88,,
680111,1981/03/23,"21 h 29 min 4 sec","PLAINE DE HAUTE-ALSACE (ROSENAU)",ALSACE,,1040246.09,6735652.96,47.63,7.53,5,"ASSEZ SURE"
640427,1981/05/11,"1 h 52 min 57 sec","OSSAU (ARUDY)","PYRENEES OCCIDENTALES",REPLIQUE,422838.07,6222711.19,43.05,-0.40,5,SURE
640428,1981/05/12,"17 h 42 min 52 sec","BEARN (OLORON-SAINTE-MARIE)","PYRENEES OCCIDENTALES",,405951.33,6240155.47,43.20,-0.62,,
650424,1981/07/19,"19 h 58 min 35 sec","BIGORRE (BAGNERES-DE-BIGORRE)","PYRENEES CENTRALES",,470037.62,6211579.22,42.97,0.18,5,"ASSEZ SURE"
680112,1981/07/21,"21 h 50 min 17 sec","PLAINE DE HAUTE-ALSACE (BRUNSTATT)",ALSACE,,1023495.10,6743986.31,47.72,7.32,4.5,INCERTAINE
490076,1981/08/31,"2 h 28 min 47 sec","VALLEE DU LAYON (CLERE)",ANJOU,,440860.82,6670394.01,47.08,-0.42,5,SURE
490077,1981/08/31,"6 h 14 min 29 sec","VALLEE DU LAYON (CLERE)",ANJOU,REPLIQUE,440860.82,6670394.01,47.08,-0.42,,
1150032,1981/09/04,"4 h 41 min 59 sec","MANCHE (N. ABER VRAC'H)",BRETAGNE,,140478.46,6860258.14,48.60,-4.60,5,"ASSEZ SURE"
650425,1981/09/28,"1 h 41 min 51 sec","LAVEDAN (FERRIERES)","PYRENEES CENTRALES",,437699.07,6220233.39,43.03,-0.22,5,"ASSEZ SURE"
650426,1981/09/28,"4 h 45 min","LAVEDAN (FERRIERES)","PYRENEES CENTRALES",REPLIQUE,437699.07,6220233.39,43.03,-0.22,,
630076,1981/10/24,"23 h 12 min 27 sec","LIMAGNE (PESSAT-VILLENEUVE)",AUVERGNE,,710331.53,6537079.19,45.93,3.13,4,SURE
630077,1981/10/24,,"LIMAGNE (PESSAT-VILLENEUVE)",AUVERGNE,REPLIQUE,711623.00,6537081.50,45.93,3.15,,
380108,1981/10/31,"21 h 58 min 38 sec","BAS-PLATEAUX DAUPHINOIS (ST-MARCELLIN)",DAUPHINE,,882037.03,6452748.96,45.15,5.32,,
640431,1982/01/06,"16 h 32 min 49 sec","PAYS BASQUE (ST-JEAN-LE-VIEUX)","PYRENEES OCCIDENTALES",,368727.47,6228981.70,43.08,-1.07,6.5,"ASSEZ SURE"
640432,1982/01/06,"17 h 22 min 11 sec","PAYS BASQUE (ST-JEAN-LE-VIEUX)","PYRENEES OCCIDENTALES",REPLIQUE,371629.72,6232543.75,43.12,-1.03,4,"ASSEZ SURE"
640435,1982/01/06,"16 h 45 min","PAYS BASQUE (ST-JEAN-LE-VIEUX)","PYRENEES OCCIDENTALES",REPLIQUE,357014.34,6238874.48,43.17,-1.22,,
640436,1982/01/06,"18 h 17 min","PAYS BASQUE (ST-JEAN-LE-VIEUX)","PYRENEES OCCIDENTALES",REPLIQUE,358368.76,6238802.23,43.17,-1.20,,
640434,1982/01/08,"3 h 8 min","BEARN (ARETTE)","PYRENEES OCCIDENTALES",,389165.73,6229816.01,43.10,-0.82,,
640433,1982/01/13,"6 h 18 min","PAYS BASQUE (TROIS-VILLES)","PYRENEES OCCIDENTALES",,371629.72,6232543.75,43.12,-1.03,4,INCERTAINE
640448,1982/01/27,"0 h 18 min 58 sec","BEARN (VAL-DU-GAVE-D'ASPE)","PYRENEES OCCIDENTALES",,407903.09,6223372.03,43.05,-0.58,4,INCERTAINE
650442,1982/03/14,"18 h 55 min 49 sec","BIGORRE (BAGNERES-DE-BIGORRE)","PYRENEES CENTRALES",,458144.76,6221287.04,43.05,0.03,,
700020,1982/03/21,"12 h 20 min 7 sec","PLATEAU DE HAUTE-SAONE (SCEY-SUR-SAONE)",FRANCHE-COMTE,,922591.93,6733768.65,47.67,5.97,3,"INFORMATION ISOLÉE"
650443,1982/04/10,"21 h 8 min 44 sec","BIGORRE (BAGNERES-DE-BIGORRE)","PYRENEES CENTRALES",,467718.61,6222788.66,43.07,0.15,,
640446,1982/04/24,"17 h 5 min 30 sec","BEARN (SARRANCE)","PYRENEES OCCIDENTALES",,407903.09,6223372.03,43.05,-0.58,5,SURE
640447,1982/04/24,"10 h 37 min 27 sec","BEARN (SARRANCE)","PYRENEES OCCIDENTALES",PRECURSEUR,407903.09,6223372.03,43.05,-0.58,,
1150033,1982/04/28,"21 h 33 min 1 sec","MANCHE (N. ABER VRAC'H)",BRETAGNE,,135802.75,6875605.26,48.73,-4.68,4,INCERTAINE
640439,1982/06/11,"19 h 48 min 45 sec","OSSAU (ARUDY)","PYRENEES OCCIDENTALES",PRECURSEUR,422997.60,6226413.91,43.08,-0.40,4,"ASSEZ SURE"
640437,1982/06/12,"9 h 59 min 12 sec","OSSAU (CASTET)","PYRENEES OCCIDENTALES",,420203.08,6224680.16,43.07,-0.43,5.5,SURE
640438,1982/06/12,"17 h 23 min 51 sec","OSSAU (CASTET ?)","PYRENEES OCCIDENTALES",REPLIQUE,422997.60,6226413.91,43.08,-0.40,5,INCERTAINE
640440,1982/06/12,"11 h 48 min 25 sec","OSSAU (CASTET)","PYRENEES OCCIDENTALES",REPLIQUE,421560.41,6224621.24,43.07,-0.42,,
640441,1982/06/12,"11 h 49 min 21 sec","OSSAU (CASTET)","PYRENEES OCCIDENTALES",REPLIQUE,421560.41,6224621.24,43.07,-0.42,,
640442,1982/06/12,"13 h 50 min 55 sec","OSSAU (CASTET)","PYRENEES OCCIDENTALES",REPLIQUE,421560.41,6224621.24,43.07,-0.42,,
640443,1982/06/12,"15 h 45 min 26 sec","OSSAU (CASTET)","PYRENEES OCCIDENTALES",REPLIQUE,422997.60,6226413.91,43.08,-0.40,,
640444,1982/08/25,"20 h 59 min 2 sec","BEARN (S. ARTHEZ-D'ASSON)","PYRENEES OCCIDENTALES",,430907.65,6220513.79,43.03,-0.30,6,INCERTAINE
640445,1982/08/26,"5 h 19 min","BEARN (E. ARTHEZ-D'ASSON)","PYRENEES OCCIDENTALES",REPLIQUE,430907.65,6220513.79,43.03,-0.30,,
650441,1982/08/31,"13 h 24 min 55 sec","LAVEDAN (ARGELES-GAZOST)","PYRENEES CENTRALES",,447062.16,6216149.41,43.00,-0.10,3.5,"INFORMATION ISOLÉE"
60115,1982/09/02,"21 h 45 min 25 sec","ALPES NICOISES (VALDEBLORE)","ALPES MARITIMES",,1037646.72,6338757.98,44.07,7.22,4.5,SURE
40161,1982/09/29,"19 h 44 min 18 sec","PREALPES DE DIGNE (SEYNE-LES-ALPES)","ALPES PROVENCALES",,966960.92,6366882.55,44.35,6.35,3.5,"INFORMATION ISOLÉE"
170105,1982/10/23,"9 h 54 min 29 sec","AUNIS (CHATELAILLON-PLAGE)",CHARENTES,,383311.76,6561951.64,46.08,-1.10,4,"ASSEZ SURE"
880047,1982/11/02,"23 h 56 min 3 sec","HAUTES-VOSGES (LE SYNDICAT)",VOSGES,,973532.19,6769271.65,47.97,6.67,4,"ASSEZ SURE"
630086,1982/11/07,"2 h 1 min 15 sec","COMBRAILLE (ST-ELOY-LES-MINES)",AUVERGNE,,687136.32,6561145.03,46.15,2.83,5,"ASSEZ SURE"
740123,1982/11/08,"13 h 2 min 31 sec","FAUCIGNY (BONNEVILLE)","ALPES SAVOYARDES",,961290.33,6561177.57,46.10,6.38,5,SURE
740124,1982/11/08,"13 h 7 min 56 sec","FAUCIGNY (BONNEVILLE)","ALPES SAVOYARDES",REPLIQUE,963943.13,6559439.26,46.08,6.42,3,"INFORMATION ISOLÉE"
740125,1982/11/08,"13 h 26 min 9 sec","FAUCIGNY (BONNEVILLE)","ALPES SAVOYARDES",REPLIQUE,961290.33,6561177.57,46.10,6.38,3,INCERTAINE
740126,1982/11/08,"14 h 37 min 5 sec","FAUCIGNY (BONNEVILLE)","ALPES SAVOYARDES",REPLIQUE,961290.33,6561177.57,46.10,6.38,4,INCERTAINE
440064,1982/11/09,"13 h 44 min 47 sec","PAYS DE NANTES (NANTES)","PAYS NANTAIS ET VENDEEN",,350693.55,6687959.76,47.20,-1.62,3.5,SURE
670129,1982/11/21,"6 h 55 min 11 sec","PLAINE DE BASSE-ALSACE (OBENHEIM)",ALSACE,,1046660.81,6817656.90,48.37,7.68,3.5,"ASSEZ SURE"
730192,1982/11/22,"1 h 55 min 19 sec","MAURIENNE (ST-JEAN-DE-MAURIENNE)","ALPES SAVOYARDES",,962642.62,6468607.50,45.27,6.35,3,INCERTAINE
670130,1982/11/28,"23 h 11 min 52 sec","PLAINE DE BASSE-ALSACE (OBENHEIM)",ALSACE,REPLIQUE,1046660.81,6817656.90,48.37,7.68,,
290034,1982/12/21,"18 h 45 min 41 sec","PAYS DE BREST (GUIPAVAS)",BRETAGNE,,153945.35,6845947.14,48.48,-4.40,5,SURE
1130151,1982/12/23,"14 h 48 min 13 sec","MEDITERRANEE (GOLFE DU LION)",LANGUEDOC,,765289.94,6211514.45,43.00,3.80,5,ARBITRAIRE
50091,1983/01/01,"4 h 22 min 1 sec","QUEYRAS (CEILLAC)","ALPES DAUPHINOISES",,999783.45,6403578.61,44.67,6.78,,
860032,1983/01/01,"19 h 1 min 57 sec","PLAINES DU HAUT-POITOU (CHALANDRAY)",POITOU,,471962.52,6622817.92,46.67,0.02,3,INCERTAINE
640459,1983/01/16,"7 h 23 min 1 sec","OSSAU (ARUDY)","PYRENEES OCCIDENTALES",,428269.38,6222479.48,43.05,-0.33,3.5,ARBITRAIRE
630087,1983/01/21,"9 h 41 min 56 sec","MONTS-DORE (ROCHEFORT-MONTAGNE)",AUVERGNE,,685729.68,6509324.36,45.68,2.82,4,INCERTAINE
640449,1983/01/23,"18 h 22 min 49 sec","BEARN (ARTIX)","PYRENEES OCCIDENTALES",,411017.63,6262180.83,43.40,-0.57,3,INCERTAINE
640450,1983/01/24,"20 h 38 min 49 sec","OSSAU (ARUDY)","PYRENEES OCCIDENTALES",,428347.59,6224330.97,43.07,-0.33,5,"ASSEZ SURE"
680118,1983/01/24,"1 h 12 min 46 sec","PLAINE DE HAUTE-ALSACE (MUNCHHOUSE)",ALSACE,,1032538.03,6761180.77,47.87,7.45,,
730193,1983/01/25,"19 h 0 min 10 sec","TARENTAISE (MOUTIERS)","ALPES SAVOYARDES",,975764.79,6496970.02,45.52,6.53,5,"ASSEZ SURE"
680119,1983/01/27,"21 h 58 min 45 sec","PLAINE DE HAUTE-ALSACE (MUNCHHOUSE)",ALSACE,REPLIQUE,1032538.03,6761180.77,47.87,7.45,,
250030,1983/02/03,"2 h 48 min 30 sec","AVANT-PAYS JURASSIEN (RANDEVILLERS)",FRANCHE-COMTE,,965564.89,6696619.37,47.32,6.52,4,INCERTAINE
250031,1983/02/05,"16 h 19 min 11 sec","AVANT-PAYS JURASSIEN (RANDEVILLERS)",FRANCHE-COMTE,REPLIQUE,965564.89,6696619.37,47.32,6.52,,
740130,1983/02/20,"2 h 49 min 3 sec","FAUCIGNY (PASSEIRIER)","ALPES SAVOYARDES",,958796.12,6559218.59,46.08,6.35,,
290037,1983/02/24,"17 h","PAYS DE BREST (BREST)",BRETAGNE,,141506.79,6845268.56,48.47,-4.57,3,"INFORMATION ISOLÉE"
680120,1983/02/25,"4 h 37 min 18 sec","PLAINE DE HAUTE-ALSACE (MUNCHHOUSE)",ALSACE,REPLIQUE,1032433.73,6763029.65,47.88,7.45,3,ARBITRAIRE
290038,1983/03/07,"17 h 47 min","PAYS DE BREST (ST-RENAN)",BRETAGNE,,137470.86,6841935.28,48.43,-4.62,,
490081,1983/03/09,"8 h 52 min 16 sec","VALLEE DU LAYON (CLERE)",ANJOU,,437152.21,6672408.76,47.10,-0.47,2.5,INCERTAINE
640460,1983/03/17,"13 h 45 min 12 sec","BEARN (ARTHEZ-D'ASSON)","PYRENEES OCCIDENTALES",,435211.23,6225899.30,43.08,-0.25,3.5,"INFORMATION ISOLÉE"
40163,1983/03/20,"16 h 1 min 31 sec","PREALPES DE DIGNE (SEYNE-LES-ALPES)","ALPES PROVENCALES",,966725.33,6372432.08,44.40,6.35,5,"ASSEZ SURE"
40164,1983/03/20,"21 h 50 min 26 sec","PREALPES DE DIGNE (SEYNE-LES-ALPES)","ALPES PROVENCALES",REPLIQUE,966725.33,6372432.08,44.40,6.35,4,"ASSEZ SURE"
740129,1983/03/21,"5 h 14 min 57 sec","CHABLAIS (MORZINE)","ALPES SAVOYARDES",,985295.49,6571518.49,46.18,6.70,4,INCERTAINE
870024,1983/03/21,"16 h 45 min 5 sec","BASSE-MARCHE (LE DORAT)",LIMOUSIN,PRECURSEUR,545746.27,6566786.73,46.18,1.00,2.5,INCERTAINE
870025,1983/03/23,"6 h 53 min 5 sec","BASSE-MARCHE (LE DORAT)",LIMOUSIN,,545746.27,6566786.73,46.18,1.00,3.5,INCERTAINE
640451,1983/03/26,"4 h 37 min 15 sec","BEARN (ARETTE)","PYRENEES OCCIDENTALES",,394591.06,6229555.87,43.10,-0.75,3.5,"ASSEZ SURE"
640452,1983/03/30,"18 h 11 min 19 sec","BEARN (ARETTE)","PYRENEES OCCIDENTALES",,393057.97,6225918.59,43.07,-0.77,5,INCERTAINE
50092,1983/04/13,"8 h 49 min 31 sec","QUEYRAS (REOTIER-SAINT-CREPIN)","ALPES DAUPHINOISES",,987821.18,6404869.66,44.68,6.63,4,"ASSEZ SURE"
640453,1983/04/17,"11 h 38 min 49 sec","BEARN (ARTIX)","PYRENEES OCCIDENTALES",,411017.63,6262180.83,43.40,-0.57,4,"INFORMATION ISOLÉE"
870026,1983/04/21,"1 h 53 min 8 sec","BASSE-MARCHE (BELLAC)",LIMOUSIN,,549327.60,6555588.57,46.08,1.05,5,"ASSEZ SURE"
870027,1983/04/21,"5 h 58 min 48 sec","BASSE-MARCHE (BELLAC)",LIMOUSIN,REPLIQUE,549327.60,6555588.57,46.08,1.05,3,"ASSEZ SURE"
870028,1983/04/21,"19 h 7 min 2 sec","BASSE-MARCHE (BELLAC)",LIMOUSIN,REPLIQUE,549327.60,6555588.57,46.08,1.05,4,"ASSEZ SURE"
870029,1983/04/21,"23 h 31 min 14 sec","BASSE-MARCHE (BELLAC)",LIMOUSIN,REPLIQUE,549327.60,6555588.57,46.08,1.05,3.5,INCERTAINE
870030,1983/04/22,"3 h 55 min 13 sec","BASSE-MARCHE (BELLAC)",LIMOUSIN,REPLIQUE,549327.60,6555588.57,46.08,1.05,,
60116,1983/04/23,"0 h 18 min 28 sec","ALPES NICOISES (BREIL-SUR-ROYA)","ALPES MARITIMES",,1062596.51,6323446.72,43.92,7.52,4,INCERTAINE
790028,1983/04/26,"22 h 56 min 6 sec","BOCAGE VENDEEN (GLENAY)",POITOU,,452428.10,6643966.46,46.85,-0.25,2,INCERTAINE
790029,1983/04/26,"22 h 58 min 7 sec","BOCAGE VENDEEN (GLENAY)",POITOU,REPLIQUE,452504.27,6645816.00,46.87,-0.25,,
640454,1983/06/06,"1 h 29 min 48 sec","OSSAU (ARUDY)","PYRENEES OCCIDENTALES",,428269.38,6222479.48,43.05,-0.33,5,"ASSEZ SURE"
290035,1983/06/08,"18 h 40 min","LEON (GUILERS)",BRETAGNE,,139569.88,6838010.29,48.40,-4.58,,
440067,1983/06/12,"0 h 18 min 9 sec","ESTUAIRE DE LA LOIRE (LE PELLERIN)","PAYS NANTAIS ET VENDEEN",,340617.31,6688558.09,47.20,-1.75,3,INCERTAINE
290036,1983/06/16,"15 h 19 min 41 sec","PAYS DE BREST (BREST)",BRETAGNE,,143606.71,6841344.85,48.43,-4.53,3,"ASSEZ SURE"
250032,1983/06/21,"15 h 3 min 3 sec","JURA (ORNANS)",FRANCHE-COMTE,,937587.89,6671352.49,47.10,6.13,4.5,INCERTAINE
1150035,1983/06/25,"1 h 55 min 17 sec","PRESQU'ILE GUERANDAISE (LE POULIGUEN)","PAYS NANTAIS ET VENDEEN",,289502.29,6699279.30,47.27,-2.43,,
530014,1983/07/07,"3 h 52 min 25 sec","PAYS DE GORRON (LANDIVY)",MAINE,,401785.37,6822401.56,48.43,-1.03,4.5,SURE
640455,1983/07/18,"23 h 44 min 0 sec","BEARN (ARTHEZ-DE-BEARN)","PYRENEES OCCIDENTALES",,405875.56,6267978.92,43.45,-0.63,4.5,"ASSEZ SURE"
660086,1983/07/20,"19 h 8 min 14 sec","CONFLENT (MONT-CANIGOU)","PYRENEES ORIENTALES",,645074.96,6150244.60,42.45,2.33,4,INCERTAINE
380105,1983/07/24,"10 h 36 min 22 sec","BAS-PLATEAUX DAUPHINOIS (LA TOUR-DU-PIN)",DAUPHINE,,893673.95,6499397.54,45.57,5.48,2.5,"INFORMATION ISOLÉE"
50090,1983/07/25,"18 h 31 min 16 sec","BRIANCONNAIS (BRIANCON)","ALPES DAUPHINOISES",,987942.98,6430819.70,44.92,6.65,4,INCERTAINE
500051,1983/08/03,"3 h 7 min 20 sec","AVRANCHIN (ST-JAMES)",NORMANDIE,,381362.69,6832758.68,48.52,-1.32,3,"INFORMATION ISOLÉE"
440065,1983/08/14,"15 h 35 min 52 sec","PAYS DE PONTCHATEAU (ST-GILDAS-DES-BOIS)","PAYS NANTAIS ET VENDEEN",,320315.99,6726919.08,47.53,-2.05,4.5,"ASSEZ SURE"
440066,1983/08/14,"15 h 40 min 27 sec","PAYS DE PONTCHATEAU (ST-GILDAS-DES-BOIS)","PAYS NANTAIS ET VENDEEN",REPLIQUE,320315.99,6726919.08,47.53,-2.05,,
640456,1983/08/17,"1 h 31 min 47 sec","BEARN (ARTHEZ-DE-BEARN)","PYRENEES OCCIDENTALES",,405875.56,6267978.92,43.45,-0.63,3,"ASSEZ SURE"
1150034,1983/08/27,"23 h 29 min 3 sec","ATLANTIQUE (W. ILE D'OLERON)",CHARENTES,,359750.31,6555807.00,46.02,-1.40,,
50089,1983/08/29,"15 h 32 min 23 sec","BRIANCONNAIS (BRIANCON)","ALPES DAUPHINOISES",,989256.87,6430880.62,44.92,6.67,3.5,INCERTAINE
70011,1983/09/10,"8 h 8 min 53 sec","BAS-VIVARAIS (ST-ETIENNE-DE-BOULOGNE)",CEVENNES,,813544.35,6401128.54,44.70,4.43,5,"INFORMATION ISOLÉE"
40162,1983/09/13,"23 h 26 min 6 sec","UBAYE (JAUSIERS)","ALPES PROVENCALES",,997137.03,6375650.42,44.42,6.73,4,"INFORMATION ISOLÉE"
790027,1983/09/14,"4 h 32 min 42 sec","BOCAGE VENDEEN (BRESSUIRE)",POITOU,,435933.55,6644668.41,46.85,-0.47,4,SURE
60120,1983/10/13,"8 h 52 min 28 sec","ALPES NICOISES (BREIL-SUR-ROYA)","ALPES MARITIMES","SECOUSSE INDIVIDUALISEE D UN ESSAIM",1067083.02,6338545.23,44.05,7.58,3,"INFORMATION ISOLÉE"
640457,1983/10/19,"1 h 52 min 4 sec","OSSAU (ARUDY)","PYRENEES OCCIDENTALES",,420364.17,6228382.75,43.10,-0.43,,
680117,1983/10/24,"21 h 31 min 27 sec","PLAINE DE HAUTE-ALSACE (OTTMARSHEIM)",ALSACE,,1036797.78,6752148.28,47.78,7.50,3.5,INCERTAINE
790030,1983/10/24,"20 h 23 min 50 sec","MELLOIS (CHAUNAY)",POITOU,,480212.65,6568799.96,46.18,0.15,4,"ASSEZ SURE"
640458,1983/10/26,"6 h 3 min 33 sec","OSSAU (LOUVIE-JUZON)","PYRENEES OCCIDENTALES",,421640.56,6226472.52,43.08,-0.42,3,"ASSEZ SURE"
60117,1983/11/01,"4 h 0 min 26 sec","ALPES NICOISES (BREIL-SUR-ROYA)","ALPES MARITIMES","SECOUSSE INDIVIDUALISEE D UN ESSAIM",1062596.51,6323446.72,43.92,7.52,4,"ASSEZ SURE"
60118,1983/11/01,"4 h 3 min 50 sec","ALPES NICOISES (BREIL-SUR-ROYA)","ALPES MARITIMES","SECOUSSE INDIVIDUALISEE D UN ESSAIM",1062596.51,6323446.72,43.92,7.52,3.5,"ASSEZ SURE"
60119,1983/11/01,"13 h 58 min 52 sec","ALPES NICOISES (BREIL-SUR-ROYA)","ALPES MARITIMES","SECOUSSE INDIVIDUALISEE D UN ESSAIM",1062490.64,6325295.57,43.93,7.52,,