Identifiant,"Date (AAAA/MM/JJ)",Heure,Nom,"Région épicentrale",Choc,"X RGF93/L93","Y RGF93/L93","Latitude en WGS 84","Longitude en WGS 84","Intensité épicentrale","Qualité intensité épicentrale"
880034,1970/01/10,"21 h 48 min 36 sec","PLAINE LORRAINE (SAUVILLE)",VOSGES,,903169.14,6788661.85,48.17,5.73,,
570013,1970/02/23,"14 h 42 min 53 sec","BASSIN SARROIS (HOMBOURG)",LORRAINE,,977232.15,6899287.64,49.13,6.80,4,"ASSEZ SURE"
1140060,1970/03/12,"17 h",ANDORRE,ANDORRE,PRECURSEUR,552769.90,6198035.46,42.87,1.20,,
1140061,1970/03/13,"2 h",ANDORRE,ANDORRE,"SECOUSSE INDIVIDUALISEE D UN ESSAIM",577093.76,6186403.69,42.77,1.50,,
1140036,1970/03/16,"6 h 53 min 47 sec",ANDORRE,ANDORRE,"SECOUSSE INDIVIDUALISEE D UN ESSAIM",601419.35,6169301.89,42.62,1.80,,
1140037,1970/03/18,"2 h 47 min 16 sec","CERDAGNE (BOURG-MADAME)","PYRENEES ORIENTALES",,613469.97,6148733.85,42.43,1.95,4,INCERTAINE
860029,1970/04/25,"2 h 17 min 57 sec","BRANDES DU HAUT-POITOU (JARDRES)",POITOU,,514978.54,6612086.20,46.58,0.58,3.5,INCERTAINE
350040,1970/06/07,"0 h 46 min 35 sec","PAYS DE FOUGERES",BRETAGNE,,391838.28,6821063.50,48.42,-1.17,4,"ASSEZ SURE"
1130093,1970/06/18,"9 h 5 min 53 sec","COTE D'AZUR (NICE ?)","ALPES MARITIMES",,1056952.87,6304576.17,43.75,7.43,3.5,INCERTAINE
880035,1970/12/15,"19 h","HAUTES-VOSGES (REMIREMONT)",VOSGES,,969635.24,6772799.73,48.00,6.62,4.5,"ASSEZ SURE"
880036,1970/12/16,"11 h 50 min","HAUTES-VOSGES (REMIREMONT)",VOSGES,REPLIQUE,969635.24,6772799.73,48.00,6.62,,
880037,1970/12/16,"15 h 30 min","HAUTES-VOSGES (REMIREMONT)",VOSGES,REPLIQUE,969635.24,6772799.73,48.00,6.62,,
640508,1971/01/12,"9 h 15 min","BEARN (MONTORY)","PYRENEES OCCIDENTALES",,389165.73,6229816.01,43.10,-0.82,,"INFORMATION ISOLÉE"
380097,1971/01/14,"3 h 5 min 44 sec","BELLEDONNE (VIZILLE)",DAUPHINE,,918953.32,6446533.57,45.08,5.78,5,"ASSEZ SURE"
560040,1971/01/31,"23 h 59 min 8 sec","VANNETAIS (ETEL-CARNAC)",BRETAGNE,,237381.43,6743956.86,47.63,-3.17,3,"ASSEZ SURE"
440058,1971/02/03,"19 h 45 min 42 sec","ESTUAIRE DE LA LOIRE (DONGES)","PAYS NANTAIS ET VENDEEN",,316264.90,6703060.84,47.32,-2.08,4,"ASSEZ SURE"
60103,1971/03/24,"8 h 21 min 52 sec","MONTAGNES DU HAUT-VAR (VALBERG-PEONE)","ALPES MARITIMES",,1052622.96,6309899.22,43.80,7.38,3.5,"INFORMATION ISOLÉE"
50083,1971/05/27,"14 h 53 min 40 sec","QUEYRAS (MONT-DAUPHIN)","ALPES DAUPHINOISES",PRECURSEUR,986586.64,6402959.79,44.67,6.62,,
50079,1971/06/06,"21 h 59 min 11 sec","QUEYRAS (MONT-DAUPHIN)","ALPES DAUPHINOISES",,991865.49,6403203.97,44.67,6.68,5.5,"ASSEZ SURE"
50084,1971/06/11,,"QUEYRAS (MONT-DAUPHIN)","ALPES DAUPHINOISES",REPLIQUE,986586.64,6402959.79,44.67,6.62,,
640509,1971/06/16,"4 h 42 min","BEARN (MONTORY)","PYRENEES OCCIDENTALES",,389165.73,6229816.01,43.10,-0.82,4,"INFORMATION ISOLÉE"
390015,1971/06/21,"5 h 2 min 48 sec","JURA (VAUX-LES-SAINT-CLAUDE)",FRANCHE-COMTE,PRECURSEUR,910153.29,6586979.51,46.35,5.73,,
390016,1971/06/21,"7 h 25 min 32 sec","JURA (VAUX-LES-SAINT-CLAUDE)",FRANCHE-COMTE,,908808.76,6588785.12,46.37,5.72,7,SURE
390017,1971/06/21,"8 h 25 min","JURA (VAUX-LES-SAINT-CLAUDE)",FRANCHE-COMTE,REPLIQUE,910153.29,6586979.51,46.35,5.73,,
390018,1971/07/02,"0 h 5 min","JURA (VAUX-LES-SAINT-CLAUDE)",FRANCHE-COMTE,REPLIQUE,910153.29,6586979.51,46.35,5.73,,
390019,1971/07/02,"5 h 20 min","JURA (VAUX-LES-SAINT-CLAUDE)",FRANCHE-COMTE,REPLIQUE,910153.29,6586979.51,46.35,5.73,,
390020,1971/07/08,"22 h 25 min","JURA (LAVANCIA-EPERCY)",FRANCHE-COMTE,,906373.40,6584997.80,46.33,5.68,,
50080,1971/08/15,"0 h 36 min 45 sec","QUEYRAS (CHATEAU-VILLE-VIEILLE)","ALPES DAUPHINOISES",,997492.87,6423855.73,44.85,6.77,5,"ASSEZ SURE"
50094,1971/08/15,"0 h 48 min 47 sec","QUEYRAS (ABRIES)","ALPES DAUPHINOISES",REPLIQUE,1010922.08,6418950.88,44.80,6.93,,
880038,1971/09/03,"21 h 33 min 8 sec","HAUTES-VOSGES (RAMBERVILLERS, DESTORD)",VOSGES,,969428.54,6804310.96,48.28,6.63,5,"ASSEZ SURE"
650403,1971/09/07,"7 h 54 min 26 sec","BIGORRE (CAMPAN)","PYRENEES CENTRALES",,464529.51,6209923.60,42.95,0.12,5,"ASSEZ SURE"
200011,1971/09/29,"20 h 47 min 32 sec","CASTAGNICCIA (SAN GIULIANO)",CORSE,,1234920.84,6155296.61,42.30,9.48,3.5,INCERTAINE
850042,1971/11/30,"5 h 23 min 18 sec","COTE VENDEENNE (ST-GILLES-CROIX-DE-VIE)","PAYS NANTAIS ET VENDEEN",,302963.13,6635289.52,46.70,-2.20,4.5,ARBITRAIRE
300015,1971/12/10,"0 h 2 min 41 sec","COTES DU RHONE (PUJAUT)",CEVENNES,,840226.23,6329442.61,44.05,4.75,4.5,INCERTAINE
300023,1971/12/11,"7 h 45 min","COTES DU RHONE (PUJAUT)",CEVENNES,REPLIQUE,843022.19,6323948.26,44.00,4.78,4,"INFORMATION ISOLÉE"
860035,1971/12/17,"4 h 46 min 40 sec","PLAINES DU HAUT-POITOU (W. LATILLE ?)",POITOU,,495970.32,6616402.17,46.62,0.33,4,INCERTAINE
40135,1972/01/21,"1 h 9 min 26 sec","HAUT-VERDON (CASTELLANE)","ALPES PROVENCALES",,982707.30,6311961.93,43.85,6.52,4,INCERTAINE
640477,1972/01/23,"21 h 37 min","BEARN (LACQ)","PYRENEES OCCIDENTALES","SECOUSSE INDIVIDUALISEE D UN ESSAIM",410850.33,6258479.39,43.37,-0.57,,
640367,1972/01/24,"2 h 46 min 31 sec","BEARN (LACQ)","PYRENEES OCCIDENTALES","SECOUSSE INDIVIDUALISEE D UN ESSAIM",410850.33,6258479.39,43.37,-0.57,4,"ASSEZ SURE"
640478,1972/01/24,"4 h","BEARN (LACQ)","PYRENEES OCCIDENTALES","SECOUSSE INDIVIDUALISEE D UN ESSAIM",410850.33,6258479.39,43.37,-0.57,,
640368,1972/01/25,"4 h 15 min","BEARN (LACQ)","PYRENEES OCCIDENTALES","SECOUSSE INDIVIDUALISEE D UN ESSAIM",410850.33,6258479.39,43.37,-0.57,,
640479,1972/01/25,"9 h 15 min","BEARN (LACQ)","PYRENEES OCCIDENTALES","SECOUSSE INDIVIDUALISEE D UN ESSAIM",410850.33,6258479.39,43.37,-0.57,,
640480,1972/01/25,"15 h 15 min","BEARN (LACQ)","PYRENEES OCCIDENTALES","SECOUSSE INDIVIDUALISEE D UN ESSAIM",410850.33,6258479.39,43.37,-0.57,,
640481,1972/02/02,"23 h","BEARN (LACQ)","PYRENEES OCCIDENTALES","SECOUSSE INDIVIDUALISEE D UN ESSAIM",410850.33,6258479.39,43.37,-0.57,,
640482,1972/02/02,"23 h 30 min","BEARN (LACQ)","PYRENEES OCCIDENTALES","SECOUSSE INDIVIDUALISEE D UN ESSAIM",410850.33,6258479.39,43.37,-0.57,,
860030,1972/03/17,"5 h 33 min 28 sec","CHATELLERAUDAIS (PUSSIGNY)",POITOU,,515071.78,6656529.30,46.98,0.57,5,SURE
860034,1972/03/17,"6 h 16 min 37 sec","CHATELLERAUDAIS (PUSSIGNY)",POITOU,REPLIQUE,515071.78,6656529.30,46.98,0.57,,
50095,1972/03/28,"1 h 53 min 13 sec","BRIANCONNAIS (LA SALLE)","ALPES DAUPHINOISES",,981206.32,6434217.71,44.95,6.57,,
390021,1972/03/31,"3 h 54 min 31 sec","PLATEAUX JURASSIENS (CLAIRVAUX-LES-LACS)",FRANCHE-COMTE,,910531.94,6612921.10,46.58,5.75,4.5,"ASSEZ SURE"
40136,1972/06/19,"4 h 9 min 50 sec","PREALPES DE DIGNE (LA BREOLE)","ALPES PROVENCALES",,960017.66,6374004.03,44.42,6.27,5,"ASSEZ SURE"
170079,1972/09/07,"22 h 26 min 54 sec","ILE D'OLERON",CHARENTES,,363205.20,6548200.61,45.95,-1.35,7,SURE
170106,1972/09/07,"22 h 42 min 4 sec","ILE D'OLERON",CHARENTES,REPLIQUE,367072.56,6547988.57,45.95,-1.30,,
170080,1972/09/08,"1 h 51 min 48 sec","ILE D'OLERON",CHARENTES,REPLIQUE,367072.56,6547988.57,45.95,-1.30,5,INCERTAINE
170081,1972/09/08,"4 h 58 min 27 sec","ILE D'OLERON",CHARENTES,REPLIQUE,376390.96,6553048.06,46.00,-1.18,,
170082,1972/09/08,"6 h 31 min 44 sec","ILE D'OLERON",CHARENTES,REPLIQUE,374111.16,6558729.83,46.05,-1.22,,
170083,1972/09/08,"8 h 1 min 24 sec","ILE D'OLERON",CHARENTES,REPLIQUE,376390.96,6553048.06,46.00,-1.18,,
170084,1972/09/08,"9 h 20 min 11 sec","ILE D'OLERON",CHARENTES,REPLIQUE,379939.40,6571394.93,46.17,-1.15,,"INFORMATION ISOLÉE"
170107,1972/09/08,"0 h 31 min 33 sec","ILE D'OLERON",CHARENTES,REPLIQUE,361140.52,6557583.23,46.03,-1.38,,
170085,1972/09/09,"2 h 48 min 1 sec","ILE D'OLERON",CHARENTES,REPLIQUE,367072.56,6547988.57,45.95,-1.30,5,INCERTAINE
170086,1972/09/09,"3 h 6 min 23 sec","ILE D'OLERON",CHARENTES,REPLIQUE,367072.56,6547988.57,45.95,-1.30,,
170087,1972/09/10,"2 h 26 min 4 sec","ILE D'OLERON",CHARENTES,REPLIQUE,367072.56,6547988.57,45.95,-1.30,,"INFORMATION ISOLÉE"
170088,1972/09/11,"5 h 1 min 46 sec","ILE D'OLERON",CHARENTES,REPLIQUE,370641.34,6542234.51,45.90,-1.25,,
170089,1972/09/11,"7 h 48 min 32 sec","ILE D'OLERON",CHARENTES,REPLIQUE,369164.53,6562703.34,46.08,-1.28,5,"ASSEZ SURE"
640510,1972/11/11,"0 h 47 min","BEARN (MONTORY)","PYRENEES OCCIDENTALES",,389165.73,6229816.01,43.10,-0.82,3.5,"INFORMATION ISOLÉE"
170090,1972/11/12,"2 h 43 min 10 sec","ILE D'OLERON",CHARENTES,REPLIQUE,367072.56,6547988.57,45.95,-1.30,,
840100,1972/12/09,"5 h 36 min 31 sec","COMTAT (CARPENTRAS)",VAUCLUSE,,854959.12,6327933.93,44.03,4.93,4,"ASSEZ SURE"
640369,1972/12/15,"9 h 4 min 40 sec","BEARN (LURBE-SAINT-CHRISTAU)","PYRENEES OCCIDENTALES",,405527.13,6230900.45,43.12,-0.62,4,"ASSEZ SURE"
640370,1972/12/31,"7 h 16 min 56 sec","BEARN (VIELLESEGURE-LACQ)","PYRENEES OCCIDENTALES",,401571.74,6262614.78,43.40,-0.68,5,"ASSEZ SURE"
640371,1973/01/02,"15 h 49 min","BEARN (OGEU-LES-BAINS)","PYRENEES OCCIDENTALES",,415184.16,6234174.69,43.15,-0.50,,
170091,1973/01/06,"2 h 6 min 38 sec","ILE D'OLERON",CHARENTES,REPLIQUE,362222.99,6553815.86,46.00,-1.37,5,"ASSEZ SURE"
170092,1973/01/20,"10 h 37 min 29 sec","ILE D'OLERON",CHARENTES,REPLIQUE,367072.56,6547988.57,45.95,-1.30,5,"ASSEZ SURE"
640372,1973/02/15,"17 h 4 min","BEARN (ESTIALESCQ)","PYRENEES OCCIDENTALES",,410097.40,6241821.59,43.22,-0.57,4.5,INCERTAINE
170093,1973/02/19,"20 h 27 min 51 sec","ILE D'OLERON",CHARENTES,REPLIQUE,374315.67,6538330.77,45.87,-1.20,,
880039,1973/02/22,"6 h 48 min 32 sec","HAUTES-VOSGES (S-W. RAMBERVILLERS)",VOSGES,,960700.55,6805769.87,48.30,6.52,4,INCERTAINE
640373,1973/04/11,"3 h 10 min 25 sec","BEARN (LURBE-SAINT-CHRISTAU)","PYRENEES OCCIDENTALES",,405357.44,6227198.18,43.08,-0.62,4,"ASSEZ SURE"
170094,1973/04/25,"21 h 25 min 48 sec","ILE D'OLERON",CHARENTES,REPLIQUE,367072.56,6547988.57,45.95,-1.30,,
880040,1973/07/22,"21 h 6 min 58 sec","HAUTES-VOSGES (RAMBERVILLERS, NONZEVILLE)",VOSGES,,969513.74,6802460.62,48.27,6.63,4.5,INCERTAINE
30025,1973/08/26,"4 h 46 min 56 sec","HAUTE-MARCHE (MONTLUCON)",BOURBONNAIS,,669230.47,6581568.87,46.33,2.60,3,"INFORMATION ISOLÉE"
650404,1973/09/19,"23 h 29 min 4 sec","BEARN (ARTHEZ-D'ASSON)","PYRENEES OCCIDENTALES",,435058.74,6222196.29,43.05,-0.25,5,"ASSEZ SURE"
640374,1973/11/12,"21 h 5 min","PAYS BASQUE (TARDETS-SORHOLUS)","PYRENEES OCCIDENTALES",,385187.61,6231864.97,43.12,-0.87,4,INCERTAINE
640375,1973/12/13,"8 h 8 min 43 sec","BEARN (NAY-BOURDETTES)","PYRENEES OCCIDENTALES",,434160.64,6233361.10,43.15,-0.27,6.5,"ASSEZ SURE"
640511,1974/01/26,"1 h 19 min","PAYS BASQUE (TARDETS-SORHOLUS)","PYRENEES OCCIDENTALES",,386453.19,6229947.80,43.10,-0.85,,
40137,1974/02/08,"20 h 12 min 17 sec","PREALPES DE DIGNE (THORAME)","ALPES PROVENCALES",,978559.31,6345144.43,44.15,6.48,5,"ASSEZ SURE"
50085,1974/02/18,"10 h 30 min","BRIANCONNAIS (BRIANCON)","ALPES DAUPHINOISES",PRECURSEUR,986714.23,6428909.85,44.90,6.63,,
640512,1974/02/19,"19 h 45 min","BEARN (MONTORY)","PYRENEES OCCIDENTALES",,389165.73,6229816.01,43.10,-0.82,3.5,"ASSEZ SURE"
50081,1974/02/22,"12 h 39 min 27 sec","BRIANCONNAIS (BRIANCON)","ALPES DAUPHINOISES",,981289.91,6432368.45,44.93,6.57,4.5,INCERTAINE
850043,1974/03/02,"0 h 23 min 35 sec","PERTUIS BRETON  (W. LA TRANCHE-SUR-MER)","PAYS NANTAIS ET VENDEEN",,342400.46,6590172.46,46.32,-1.65,3,"ASSEZ SURE"
300016,1974/03/13,"3 h 17 min 34 sec","COTES DU RHONE (ROCHEFORT-DU-GARD)",CEVENNES,"GROUPE DE SECOUSSES D UN ESSAIM",837756.99,6320126.90,43.97,4.72,,
120004,1974/04/18,"2 h 24 min 34 sec","CHATAIGNERAIE (CONQUES)",QUERCY-ROUERGUE,,653637.55,6379904.67,44.52,2.42,5,"ASSEZ SURE"
260191,1974/05/10,"2 h 10 min 23 sec","TRICASTIN (PIERRELATTE)",DAUPHINE,"GROUPE DE SECOUSSES D UN ESSAIM",843345.69,6368407.19,44.40,4.80,,
90030,1974/08/06,"9 h 12 min 6 sec","DONEZAN (AX-LES-THERMES)","PYRENEES CENTRALES",,604212.25,6172968.06,42.65,1.83,5,INCERTAINE
40138,1974/08/07,"20 h 38 min 30 sec","UBAYE (LE LAUZET)","ALPES PROVENCALES",,969219.06,6376244.75,44.43,6.38,5,"ASSEZ SURE"
640376,1974/08/13,"12 h 52 min 13 sec","PAYS BASQUE (ST-JEAN-PIED-DE-PORT)","PYRENEES OCCIDENTALES",,355660.01,6238947.02,43.17,-1.23,3,"INFORMATION ISOLÉE"
1130100,1974/09/08,"12 h 57 min 31 sec","MEDITERRANEE (S-E. MONACO)","ALPES MARITIMES",,1049722.25,6289333.68,43.62,7.33,3,ARBITRAIRE
640377,1974/10/31,"7 h 15 min 40 sec","BEARN (ARAMITS)","PYRENEES OCCIDENTALES",,404085.88,6229111.64,43.10,-0.63,5,"ASSEZ SURE"
880041,1974/11/12,"2 h 58 min 38 sec","HAUTES-VOSGES (AYDOILLES)",VOSGES,,962266.67,6798422.94,48.23,6.53,5,"ASSEZ SURE"
640378,1974/12/30,"4 h 21 min 21 sec","PAYS BASQUE (LACARRY-ARHAN)","PYRENEES OCCIDENTALES",,382384.45,6230147.63,43.10,-0.90,4,"ASSEZ SURE"
370021,1975/01/07,"6 h 27 min 7 sec","PLATEAU DE SAINTE-MAURE (JAULNAY ?)",TOURAINE,,504761.67,6651299.67,46.93,0.43,,
390023,1975/01/08,"9 h 12 min 45 sec","PLATEAUX JURASSIENS (SALINS-LES-BAINS)",FRANCHE-COMTE,,915912.92,6640893.86,46.83,5.83,3,"ASSEZ SURE"
70010,1975/02/19,"17 h 49 min 15 sec","BAS-VIVARAIS (BOURG-SAINT-ANDEOL)",CEVENNES,,831479.41,6364444.07,44.37,4.65,4.5,"ASSEZ SURE"
410004,1975/03/29,"22 h 58 min 31 sec","SOLOGNE (SALBRIS ?)","ORLEANAIS-BLESOIS-PAYS CHARTRAIN",,629365.40,6680014.25,47.22,2.07,3.5,ARBITRAIRE
230025,1975/04/13,"4 h 56 min 29 sec","HAUTE-MARCHE (DUN-LE-PALESTEL)",LIMOUSIN,,599881.23,6574911.68,46.27,1.70,5.5,"ASSEZ SURE"
740117,1975/05/29,"0 h 32 min 40 sec","AVANT-PAYS SAVOYARD (FRANGY)","ALPES SAVOYARDES",,928186.96,6550587.71,46.02,5.95,5.5,"ASSEZ SURE"
740127,1975/05/29,"0 h 45 min 10 sec","AVANT-PAYS SAVOYARD (FRANGY)","ALPES SAVOYARDES",REPLIQUE,928186.96,6550587.71,46.02,5.95,,
740128,1975/05/29,"1 h","AVANT-PAYS SAVOYARD (FRANGY)","ALPES SAVOYARDES",REPLIQUE,928186.96,6550587.71,46.02,5.95,,
360023,1975/06/05,"23 h 24 min 6 sec","CHAMPAGNE BERRICHONNE (NEUVY-PAILLOUX ?)",BERRY,,611160.84,6643229.29,46.88,1.83,3,ARBITRAIRE
640513,1975/07/22,"1 h 20 min","BEARN (MONTORY)","PYRENEES OCCIDENTALES",,390522.06,6229750.55,43.10,-0.80,,
640514,1975/08/04,"14 h 21 min","BEARN (MONTORY)","PYRENEES OCCIDENTALES",,389434.32,6235368.53,43.15,-0.82,,
220025,1975/08/30,"14 h 7 min 50 sec","TREGOR (BEGARD)",BRETAGNE,,238411.92,6851636.88,48.60,-3.27,5.5,INCERTAINE
860031,1975/12/28,"2 h 16 min 8 sec","BRANDES DU HAUT-POITOU (N-W. FLEURE)",POITOU,,508307.65,6603034.80,46.50,0.50,4,"ASSEZ SURE"
170096,1976/01/10,"22 h 3 min 3 sec","ILE D'OLERON",CHARENTES,,376390.96,6553048.06,46.00,-1.18,,
170097,1976/02/11,"23 h 43 min 55 sec","ILE D'OLERON",CHARENTES,,362120.69,6551967.82,45.98,-1.37,4,"ASSEZ SURE"
50082,1976/06/07,"0 h 8 min 49 sec","QUEYRAS (GUILLESTRE)","ALPES DAUPHINOISES",,989055.00,6406779.88,44.70,6.65,4,INCERTAINE
640379,1976/06/27,"7 h 45 min 23 sec","PAYS BASQUE (ARNEGUY)","PYRENEES OCCIDENTALES",,351295.57,6233615.59,43.12,-1.28,3.5,"INFORMATION ISOLÉE"
180023,1976/08/12,"22 h 52 min 33 sec","SANCERROIS (SANCERRE)",BERRY,,688672.37,6692566.86,47.33,2.85,4,SURE
870020,1976/09/08,"19 h 54 min 41 sec","PLATEAU DU LIMOUSIN (S-W. ORADOUR-SUR-VAYRES)",LIMOUSIN,,528777.89,6511693.19,45.68,0.80,5,SURE
340020,1976/09/27,"3 h 30 min","PLATEAU DE L'ESPINOUZE (ST-GERVAIS-SUR-MARE)",LANGUEDOC,PRECURSEUR,702689.15,6285292.60,43.67,3.03,3,"ASSEZ SURE"
340021,1976/09/27,"4 h 13 min 35 sec","PLATEAU DE L'ESPINOUZE (ST-GERVAIS-SUR-MARE)",LANGUEDOC,,702689.15,6285292.60,43.67,3.03,4,INCERTAINE
850044,1976/10/09,"1 h","ATLANTIQUE (S. ILE D'YEU)","PAYS NANTAIS ET VENDEEN",,287599.36,6615914.30,46.52,-2.38,,
40139,1976/10/18,"11 h 56 min 14 sec","UBAYE (LE LAUZET)","ALPES PROVENCALES",,973195.18,6376416.48,44.43,6.43,4,"ASSEZ SURE"
640515,1976/12/11,"3 h 51 min 45 sec","PAYS BASQUE (TARDETS-SORHOLUS)","PYRENEES OCCIDENTALES",,385187.61,6231864.97,43.12,-0.87,,"INFORMATION ISOLÉE"
640380,1976/12/12,"13 h 17 min 33 sec","OSSAU (IZESTE)","PYRENEES OCCIDENTALES",,420364.17,6228382.75,43.10,-0.43,4,"INFORMATION ISOLÉE"
360024,1976/12/23,,"MARCHE-BOISCHAUT (EGUZON)",BERRY,,591229.16,6593572.05,46.43,1.58,,
360025,1977/04/06,"11 h 9 min 33 sec","MARCHE-BOISCHAUT (EGUZON)",BERRY,,598998.95,6598991.13,46.48,1.68,5,INCERTAINE
360026,1977/04/16,"0 h 10 min 9 sec","MARCHE-BOISCHAUT (EGUZON)",BERRY,"SECOUSSE INDIVIDUALISEE D UN ESSAIM",598998.95,6598991.13,46.48,1.68,,
360027,1977/04/26,"11 h 39 min 39 sec","MARCHE-BOISCHAUT (EGUZON)",BERRY,"SECOUSSE INDIVIDUALISEE D UN ESSAIM",598998.95,6598991.13,46.48,1.68,,
30026,1977/04/27,"23 h 25 min 20 sec","BOCAGE BOURBONNAIS (CERILLY)",BOURBONNAIS,,687237.89,6609268.13,46.58,2.83,5,SURE
30027,1977/04/28,"3 h 22 min 23 sec","BOCAGE BOURBONNAIS (CERILLY)",BOURBONNAIS,REPLIQUE,703828.63,6609255.88,46.58,3.05,,
870022,1977/04/29,"18 h 15 min 2 sec","PLATEAU DU LIMOUSIN (CHALUS)",LIMOUSIN,,542948.60,6507611.74,45.65,0.98,3,INCERTAINE
640381,1977/04/30,"22 h 41 min 38 sec","BEARN (MOURENX)","PYRENEES OCCIDENTALES",,405449.49,6258725.80,43.37,-0.63,5,"INFORMATION ISOLÉE"
360028,1977/05/17,"2 h 49 min 47 sec","MARCHE-BOISCHAUT (EGUZON)",BERRY,"SECOUSSE INDIVIDUALISEE D UN ESSAIM",598998.95,6598991.13,46.48,1.68,5,INCERTAINE
700019,1977/06/27,"21 h 30 min","PLATEAU DE HAUTE-SAONE (VESOUL)",FRANCHE-COMTE,,934060.07,6728651.54,47.62,6.12,4,"ASSEZ SURE"
640382,1977/07/22,"23 h 15 min","BEARN (PAU)","PYRENEES OCCIDENTALES",,426738.33,6250363.45,43.30,-0.37,,
310029,1977/07/26,"22 h 45 min","HAUT-COMMINGES (LUCHON)","PYRENEES CENTRALES",,503481.12,6191930.10,42.80,0.60,4,"INFORMATION ISOLÉE"
40144,1977/08,,"UBAYE (LARCHE)","ALPES PROVENCALES","GROUPE DE SECOUSSES D UN ESSAIM",1006234.87,6379794.78,44.45,6.85,,
640383,1977/08/09,"23 h 9 min 9 sec","BEARN (MONTORY)","PYRENEES OCCIDENTALES",,387809.50,6229881.76,43.10,-0.83,3.5,"ASSEZ SURE"
640384,1977/08/10,"23 h 54 min","BEARN (MONTORY)","PYRENEES OCCIDENTALES",REPLIQUE,389165.73,6229816.01,43.10,-0.82,3,"INFORMATION ISOLÉE"
40145,1977/09,,"UBAYE (LARCHE)","ALPES PROVENCALES","GROUPE DE SECOUSSES D UN ESSAIM",1006234.87,6379794.78,44.45,6.85,,
650405,1977/09/01,"20 h 43 min 24 sec","LAVEDAN (FERRIERES)","PYRENEES CENTRALES",PRECURSEUR,433547.53,6218549.27,43.02,-0.27,4,"INFORMATION ISOLÉE"
650407,1977/09/07,"22 h 50 min 35 sec","LAVEDAN (FERRIERES)","PYRENEES CENTRALES",,433624.17,6220400.77,43.03,-0.27,5,"ASSEZ SURE"
650408,1977/09/07,"23 h","LAVEDAN (FERRIERES)","PYRENEES CENTRALES","GROUPE DE SECOUSSES D UN ESSAIM",433624.17,6220400.77,43.03,-0.27,,
650409,1977/09/08,"2 h","LAVEDAN (FERRIERES)","PYRENEES CENTRALES","GROUPE DE SECOUSSES D UN ESSAIM",433624.17,6220400.77,43.03,-0.27,,
640385,1977/09/12,"22 h 20 min 28 sec","PAYS BASQUE (STE-ENGRACE)","PYRENEES OCCIDENTALES",,383285.22,6220826.43,43.02,-0.88,6.5,INCERTAINE
650410,1977/09/29,"1 h 58 min 50 sec","BIGORRE (BAGNERES-DE-BIGORRE)","PYRENEES CENTRALES",,466360.80,6222837.84,43.07,0.13,5,"ASSEZ SURE"
650411,1977/09/29,"2 h 5 min 30 sec","BIGORRE (BAGNERES-DE-BIGORRE)","PYRENEES CENTRALES",REPLIQUE,466360.80,6222837.84,43.07,0.13,,
1130154,1977/10/03,"1 h 26 min 38 sec","UBAYE (LARCHE)","ALPES PROVENCALES",,1006234.87,6379794.78,44.45,6.85,,
170098,1977/10/10,"6 h 5 min 57 sec","ILE D'OLERON",CHARENTES,,370450.52,6562633.65,46.08,-1.27,5,INCERTAINE
170099,1977/10/13,"2 h 31 min 55 sec","ILE D'OLERON",CHARENTES,REPLIQUE,379939.40,6571394.93,46.17,-1.15,3,"INFORMATION ISOLÉE"
640386,1977/11/09,"16 h 24 min","BEARN (ARETTE)","PYRENEES OCCIDENTALES",,397303.76,6229427.52,43.10,-0.72,,
640387,1977/12/01,"16 h 7 min","BEARN (SAUVETERRE-DE-BEARN)","PYRENEES OCCIDENTALES",,379983.46,6263659.07,43.40,-0.95,5,"INFORMATION ISOLÉE"
670114,1977/12/16,"20 h 28 min 7 sec","PLAINE DE BASSE-ALSACE (MOLSHEIM)",ALSACE,,1029698.03,6833374.48,48.52,7.47,4.5,SURE
40146,1978/01,,"UBAYE (LARCHE)","ALPES PROVENCALES","GROUPE DE SECOUSSES D UN ESSAIM",1006234.87,6379794.78,44.45,6.85,,
640388,1978/01/05,"1 h 12 min 25 sec","BEARN (MONTORY)","PYRENEES OCCIDENTALES",,390611.21,6231601.47,43.12,-0.80,4,"ASSEZ SURE"
30032,1978/02/11,"14 h 13 min 14 sec","COMBRAILLE (N-W. ST-POURCAIN-SUR-SIOULE)",BOURBONNAIS,,708963.57,6588901.15,46.40,3.12,4,SURE
640389,1978/02/17,"2 h 34 min 17 sec","BEARN (ARETTE)","PYRENEES OCCIDENTALES",,393234.69,6229620.48,43.10,-0.77,4,"ASSEZ SURE"
640390,1978/02/17,"4 h 33 min 41 sec","BEARN (ARETTE)","PYRENEES OCCIDENTALES",,393234.69,6229620.48,43.10,-0.77,4,"ASSEZ SURE"
640391,1978/02/17,"19 h 39 min 8 sec","BEARN (MONTORY)","PYRENEES OCCIDENTALES",,393234.69,6229620.48,43.10,-0.77,,
200012,1978/04/02,"20 h 10 min 20 sec","CASTAGNICCIA (CERVIONE)",CORSE,PRECURSEUR,1236597.85,6151713.30,42.27,9.50,4,INCERTAINE
640392,1978/04/02,"22 h 53 min","BEARN (MONTORY)","PYRENEES OCCIDENTALES",,389165.73,6229816.01,43.10,-0.82,3.5,"ASSEZ SURE"
200013,1978/04/03,"6 h 26 min 42 sec","CASTAGNICCIA (CERVIONE)",CORSE,,1236597.85,6151713.30,42.27,9.50,6,"ASSEZ SURE"
200014,1978/04/08,"3 h 33 min 16 sec","CASTAGNICCIA (CERVIONE)",CORSE,REPLIQUE,1236140.40,6157257.85,42.32,9.50,,
200015,1978/04/18,,"PAYS D'AJACCIO (BASTELICA)",CORSE,,1201795.76,6119171.38,42.00,9.05,,
200016,1978/04/21,"12 h 57 min 9 sec","CASTAGNICCIA (CERVIONE)",CORSE,REPLIQUE,1229583.13,6152998.92,42.28,9.42,,
200017,1978/04/26,,"PAYS D'AJACCIO (EVISA)",CORSE,,1179056.74,6145362.43,42.25,8.80,,
640393,1978/06/11,"8 h 28 min 10 sec","BEARN (OLORON-SAINTE-MARIE)","PYRENEES OCCIDENTALES",,405951.33,6240155.47,43.20,-0.62,,
40191,1978/07/22,"18 h 56 min 40 sec","HAUT-VERDON (CASTELLANE)","ALPES PROVENCALES",,976173.30,6307966.53,43.82,6.43,,
640394,1978/08/19,"4 h 20 min 37 sec","BEARN (ARTIX)","PYRENEES OCCIDENTALES",,408234.32,6260452.66,43.38,-0.60,3.5,INCERTAINE
640395,1978/08/20,"22 h 9 min 43 sec","BEARN (MOURENX)","PYRENEES OCCIDENTALES",,405449.49,6258725.80,43.37,-0.63,,
340022,1978/08/29,"22 h 23 min 48 sec","LODEVOIS (SOUBES)",LANGUEDOC,,728187.00,6296467.66,43.77,3.35,4.5,SURE
870023,1978/09/03,"3 h 51 min 36 sec","MONTS D'AMBAZAC (AMBAZAC)",LIMOUSIN,,571138.49,6551386.37,46.05,1.33,,
640396,1978/09/18,"18 h 14 min 34 sec","BEARN (SERRES-SAINTE-MARIE)","PYRENEES OCCIDENTALES",,412450.39,6263970.74,43.42,-0.55,5,SURE
660001,1978/11/03,"6 h 38 min 0 sec","FENOUILLEDES (ESTAGEL)","PYRENEES ORIENTALES",,676803.01,6190838.52,42.82,2.72,5.5,"ASSEZ SURE"
870021,1978/11/06,"10 h 48 min 24 sec","PLATEAU DU LIMOUSIN (CHALUS)",LIMOUSIN,,536608.06,6513331.51,45.70,0.90,5.5,"ASSEZ SURE"
640397,1978/11/19,"11 h 32 min 2 sec","BEARN (MONTORY)","PYRENEES OCCIDENTALES",,389165.73,6229816.01,43.10,-0.82,4.5,"ASSEZ SURE"
40142,1978/12/23,"2 h 47 min 33 sec","UBAYE (BARCELONNETTE)","ALPES PROVENCALES",,990680.43,6371641.23,44.38,6.65,4.5,"ASSEZ SURE"
40143,1978/12/24,"8 h 41 min 51 sec","UBAYE (BARCELONNETTE)","ALPES PROVENCALES",REPLIQUE,990680.43,6371641.23,44.38,6.65,4,"INFORMATION ISOLÉE"
170001,1979/01/13,"14 h 57 min 7 sec","ILE D'OLERON",CHARENTES,,374414.07,6540178.92,45.88,-1.20,3,SURE
170002,1979/01/13,"22 h 10 min 4 sec","ILE D'OLERON",CHARENTES,REPLIQUE,386221.53,6543268.34,45.92,-1.05,3.5,SURE
220001,1979/01/13,"15 h 38 min 2 sec","MONTS D'ARREE (BOURBRIAC)",BRETAGNE,,242798.30,6828988.78,48.40,-3.18,4,SURE
200018,1979/01/15,"3 h 20 min 27 sec","CASTAGNICCIA (CERVIONE)",CORSE,,1236445.37,6153561.44,42.28,9.50,3.5,"ASSEZ SURE"
40149,1979/01/23,"2 h 8 min 15 sec","HAUT-VERDON (CASTELLANE)","ALPES PROVENCALES",,982707.30,6311961.93,43.85,6.52,,
200019,1979/03/27,"3 h 0 min 3 sec","NEBBIO (VIGNALE)",CORSE,,1221709.64,6182125.85,42.55,9.35,5,SURE
260176,1979/04/16,"12 h 27 min 12 sec","DIOIS (CHASTEL-ARNAUD)",DAUPHINE,,877061.15,6397048.26,44.65,5.23,5.5,"ASSEZ SURE"
650001,1979/04/19,"5 h 7 min 59 sec","LAVEDAN (ARGELES-GAZOST)","PYRENEES CENTRALES",,447134.89,6218001.20,43.02,-0.10,3.5,"ASSEZ SURE"
640158,1979/04/20,"19 h 40 min 47 sec","BEARN (LACQ)","PYRENEES OCCIDENTALES",,408403.19,6264154.10,43.42,-0.60,4.5,SURE
620001,1979/05/17,"1 h 22 min 17 sec","FLANDRE (ARQUES)",FLANDRE-ARTOIS,,651653.62,7069091.30,50.72,2.32,4.5,SURE
640159,1979/07/06,"11 h 59 min 49 sec","OSSAU (ASTE-BEON)","PYRENEES OCCIDENTALES",,421480.25,6222769.83,43.05,-0.42,4,SURE
640418,1979/07/18,"15 h 17 min","BEARN (ARETTE)","PYRENEES OCCIDENTALES",,401372.96,6229237.14,43.10,-0.67,3,INCERTAINE
40147,1979/09/01,"20 h 16 min 5 sec","UBAYE (ST-PAUL)","ALPES PROVENCALES",,997935.21,6386809.36,44.52,6.75,4.5,"ASSEZ SURE"
680090,1979/09/25,"23 h 20 min","SUNDGAU (ATTENSCHWILLER)",ALSACE,,1035666.63,6727973.27,47.57,7.47,4,SURE
650002,1979/09/28,"5 h 28 min 46 sec","HAUT-COMMINGES (ANERES-MONTREJEAU)","PYRENEES CENTRALES",,494935.23,6223717.50,43.08,0.48,5,"ASSEZ SURE"
40153,1979/10/07,"8 h 57 min 56 sec","MOYENNE-DURANCE (MANOSQUE)","ALPES PROVENCALES",,923846.98,6307759.07,43.83,5.78,3,"INFORMATION ISOLÉE"
40154,1979/10/08,"0 h 59 min 47 sec","MOYENNE-DURANCE (MANOSQUE)","ALPES PROVENCALES",,923846.98,6307759.07,43.83,5.78,,
40155,1979/10/16,"16 h 0 min 13 sec","MOYENNE-DURANCE (MANOSQUE)","ALPES PROVENCALES",,923846.98,6307759.07,43.83,5.78,,
670115,1979/10/27,"14 h 58 min 54 sec","PLAINE DE BASSE-ALSACE (MARCKOLSHEIM)",ALSACE,,1038784.44,6804205.76,48.25,7.57,4.5,"ASSEZ SURE"
670116,1979/10/31,"6 h 31 min 40 sec","PLAINE DE BASSE-ALSACE (MARCKOLSHEIM)",ALSACE,REPLIQUE,1041362.36,6802500.07,48.23,7.60,4,SURE
380098,1979/11/22,"6 h 26 min 49 sec","VERCORS (MONTEYNARD)",DAUPHINE,PRECURSEUR,907836.86,6425778.25,44.90,5.63,4,INCERTAINE
380099,1979/11/22,"7 h 24 min 7 sec","VERCORS (MONTEYNARD)",DAUPHINE,,910404.26,6427716.66,44.92,5.67,6,SURE
1130136,1979/11/28,"12 h 9 min 18 sec","MEDITERRANEE (S-E. CAP MARTIN)","ALPES MARITIMES",,1062631.33,6299332.27,43.70,7.50,3,INCERTAINE
60112,1979/12/04,"8 h 47 min 40 sec","ALPES NICOISES (ISOLA)","ALPES MARITIMES",,1023648.38,6351004.46,44.18,7.05,4,"INFORMATION ISOLÉE"
660002,1979/12/05,"23 h 2 min 30 sec","VALLESPIR (PRATS-DE-MOLLO)","PYRENEES ORIENTALES",,650623.73,6157616.75,42.52,2.40,5,SURE
380100,1979/12/21,"13 h 52 min","VERCORS (MONTEYNARD)",DAUPHINE,REPLIQUE,911467.16,6435161.29,44.98,5.68,,
40148,1979/12/26,"19 h 41 min 4 sec","MOYENNE-DURANCE (VOLX)","ALPES PROVENCALES",,929005.82,6313502.78,43.88,5.85,5,SURE
740118,1980/01/11,"10 h 48 min 35 sec","AVANT-PAYS SAVOYARD (THONON-LES-BAINS)","ALPES SAVOYARDES",,965384.75,6585438.60,46.32,6.45,3,"ASSEZ SURE"
640413,1980/02/18,"22 h","BEARN (AUDEJOS)","PYRENEES OCCIDENTALES",PRECURSEUR,407054.12,6264215.79,43.42,-0.62,4,"ASSEZ SURE"
640414,1980/02/19,"4 h 25 min 31 sec","BEARN (AUDEJOS)","PYRENEES OCCIDENTALES",,407054.12,6264215.79,43.42,-0.62,4.5,"ASSEZ SURE"
640415,1980/02/19,"9 h 30 min","BEARN (AUDEJOS)","PYRENEES OCCIDENTALES",REPLIQUE,408487.61,6266004.67,43.43,-0.60,,
640416,1980/02/19,"11 h","BEARN (LABASTIDE-CEZERACQ)","PYRENEES OCCIDENTALES",REPLIQUE,413633.77,6260208.61,43.38,-0.53,4,"ASSEZ SURE"
170103,1980/02/29,"2 h 37 min 24 sec","BAS-PAYS CHARENTAIS (ST-AGNANT)",CHARENTES,,392393.55,6537395.09,45.87,-0.97,3.5,"INFORMATION ISOLÉE"
170104,1980/02/29,"4 h 10 min","BAS-PAYS CHARENTAIS (ST-AGNANT)",CHARENTES,REPLIQUE,392393.55,6537395.09,45.87,-0.97,,
640001,1980/02/29,"20 h 40 min 50 sec","OSSAU (ARUDY)","PYRENEES OCCIDENTALES",,428425.79,6226182.33,43.08,-0.33,7.5,SURE
640003,1980/02/29,"21 h 1 min 58 sec","OSSAU (ARUDY)","PYRENEES OCCIDENTALES",REPLIQUE,428347.59,6224330.97,43.07,-0.33,6,ARBITRAIRE
640005,1980/02/29,"22 h 58 min 2 sec","OSSAU (ARUDY)","PYRENEES OCCIDENTALES",REPLIQUE,428347.59,6224330.97,43.07,-0.33,4,INCERTAINE
640025,1980/03/01,"22 h 5 min 56 sec","OSSAU (ARUDY)","PYRENEES OCCIDENTALES",REPLIQUE,428347.59,6224330.97,43.07,-0.33,3.5,INCERTAINE
640028,1980/03/02,"2 h 22 min 32 sec","OSSAU (ARUDY)","PYRENEES OCCIDENTALES",REPLIQUE,428347.59,6224330.97,43.07,-0.33,5,ARBITRAIRE
640040,1980/03/03,"0 h 33 min 13 sec","OSSAU (ARUDY)","PYRENEES OCCIDENTALES",REPLIQUE,428347.59,6224330.97,43.07,-0.33,3.5,"ASSEZ SURE"
640045,1980/03/03,"13 h 21 min 29 sec","OSSAU (ARUDY)","PYRENEES OCCIDENTALES",REPLIQUE,428347.59,6224330.97,43.07,-0.33,3.5,"ASSEZ SURE"
640052,1980/03/04,"4 h 39 min 26 sec","OSSAU (ARUDY)","PYRENEES OCCIDENTALES",REPLIQUE,428347.59,6224330.97,43.07,-0.33,4,"ASSEZ SURE"
640079,1980/03/07,"15 h 23 min 49 sec","OSSAU (ARUDY)","PYRENEES OCCIDENTALES",REPLIQUE,428347.59,6224330.97,43.07,-0.33,4,"ASSEZ SURE"
310030,1980/03/11,"14 h 15 min 48 sec","HAUT-COMMINGES (ORE, ST-BEAT)","PYRENEES CENTRALES",,509485.99,6210292.33,42.97,0.67,5,"ASSEZ SURE"
40150,1980/03/15,"8 h 0 min 48 sec","PREALPES DE DIGNE (LA JAVIE)","ALPES PROVENCALES",,965161.44,6346420.64,44.17,6.32,5,"ASSEZ SURE"
40151,1980/03/15,"17 h 15 min 49 sec","PREALPES DE DIGNE (BARLES)","ALPES PROVENCALES",,960860.01,6353654.27,44.23,6.27,,
50087,1980/03/16,"11 h 57 min 42 sec","QUEYRAS (GUILLESTRE)","ALPES DAUPHINOISES",,989226.09,6403081.32,44.67,6.65,4,"INFORMATION ISOLÉE"
1130140,1980/03/16,"22 h 17 min 55 sec","MEDITERRANEE (S. MENTON)","ALPES MARITIMES",,1071264.74,6312817.88,43.82,7.62,4,INCERTAINE
40152,1980/03/17,"11 h 11 min 58 sec","PREALPES DE DIGNE (BARLES)","ALPES PROVENCALES",REPLIQUE,960706.85,6357354.42,44.27,6.27,,
30029,1980/03/18,"15 h 19 min 25 sec","COMBRAILLE (ST-POURCAIN-SUR-SIOULE ?)",BOURBONNAIS,,725664.72,6575992.47,46.28,3.33,4,ARBITRAIRE
640131,1980/03/18,"1 h 20 min","OSSAU (ARUDY)","PYRENEES OCCIDENTALES",REPLIQUE,428347.59,6224330.97,43.07,-0.33,3.5,"ASSEZ SURE"
50086,1980/03/21,"15 h 9 min 3 sec","LARAGNE (N-E. LARAGNE-MONTEGLIN)","ALPES DAUPHINOISES",,931049.89,6367313.60,44.37,5.90,3.5,SURE
640155,1980/03/29,"22 h 27 min","OSSAU (ARUDY)","PYRENEES OCCIDENTALES",REPLIQUE,428347.59,6224330.97,43.07,-0.33,,
630075,1980/04/01,"1 h 24 min 35 sec","MONTS-DORE (LE MONT-DORE)",AUVERGNE,,687007.40,6500067.23,45.60,2.83,4,"ASSEZ SURE"
30031,1980/04/05,"23 h","VALLEE DE L'AUMANCE (HERISSON)",BOURBONNAIS,,678277.95,6601889.94,46.52,2.72,3,"INFORMATION ISOLÉE"
30030,1980/04/09,"11 h 50 min","VALLEE DE L'ALLIER (VICHY)",BOURBONNAIS,,730891.42,6557508.04,46.12,3.40,3.5,"INFORMATION ISOLÉE"
660085,1980/05/17,"1 h 14 min 19 sec","CONFLENT (MONT-CANIGOU)","PYRENEES ORIENTALES",,653353.47,6155742.45,42.50,2.43,5,INCERTAINE
680091,1980/07/15,"12 h 17 min 22 sec","PLAINE DE HAUTE-ALSACE (HABSHEIM)",ALSACE,,1029733.75,6744331.01,47.72,7.40,6.5,"ASSEZ SURE"
680092,1980/07/15,"12 h 25 min 23 sec","PLAINE DE HAUTE-ALSACE (KEMBS)",ALSACE,"SECOUSSE INDIVIDUALISEE D UN ESSAIM",1037430.62,6741055.85,47.68,7.50,,
680093,1980/07/15,"12 h 43 min 58 sec","PLAINE DE HAUTE-ALSACE (HABSHEIM)",ALSACE,"SECOUSSE INDIVIDUALISEE D UN ESSAIM",1029630.62,6746179.80,47.73,7.40,,
680094,1980/07/15,"12 h 54 min 46 sec","PLAINE DE HAUTE-ALSACE (HABSHEIM)",ALSACE,"SECOUSSE INDIVIDUALISEE D UN ESSAIM",1029630.62,6746179.80,47.73,7.40,4,INCERTAINE
680095,1980/07/15,"13 h 2 min 52 sec","PLAINE DE HAUTE-ALSACE (KEMBS)",ALSACE,"SECOUSSE INDIVIDUALISEE D UN ESSAIM",1037430.62,6741055.85,47.68,7.50,,
680096,1980/07/15,"13 h 19 min 8 sec","PLAINE DE HAUTE-ALSACE (HABSHEIM)",ALSACE,"SECOUSSE INDIVIDUALISEE D UN ESSAIM",1029630.62,6746179.80,47.73,7.40,,
680097,1980/07/15,"13 h 31 min 42 sec","PLAINE DE HAUTE-ALSACE (HABSHEIM)",ALSACE,"SECOUSSE INDIVIDUALISEE D UN ESSAIM",1029630.62,6746179.80,47.73,7.40,3,INCERTAINE
680098,1980/07/15,"14 h 20 min 15 sec","PLAINE DE HAUTE-ALSACE (RIXHEIM)",ALSACE,"SECOUSSE INDIVIDUALISEE D UN ESSAIM",1029630.62,6746179.80,47.73,7.40,,
680099,1980/07/15,"15 h 32 min 17 sec","PLAINE DE HAUTE-ALSACE (HABSHEIM)",ALSACE,"SECOUSSE INDIVIDUALISEE D UN ESSAIM",1029630.62,6746179.80,47.73,7.40,4,INCERTAINE
680100,1980/07/16,"3 h 38 min 18 sec","PLAINE DE HAUTE-ALSACE (HABSHEIM)",ALSACE,"SECOUSSE INDIVIDUALISEE D UN ESSAIM",1028280.54,6747959.29,47.75,7.38,4.5,"ASSEZ SURE"
680101,1980/07/16,"15 h 0 min 50 sec","PLAINE DE HAUTE-ALSACE (HABSHEIM)",ALSACE,"SECOUSSE INDIVIDUALISEE D UN ESSAIM",1028280.54,6747959.29,47.75,7.38,4.5,"ASSEZ SURE"
680102,1980/07/18,"23 h 3 min 52 sec","PLAINE DE HAUTE-ALSACE (HABSHEIM)",ALSACE,"SECOUSSE INDIVIDUALISEE D UN ESSAIM",1028280.54,6747959.29,47.75,7.38,5,ARBITRAIRE
680103,1980/07/19,"20 h 27 min 49 sec","PLAINE DE HAUTE-ALSACE (HOMBOURG)",ALSACE,"SECOUSSE INDIVIDUALISEE D UN ESSAIM",1036903.25,6750299.57,47.77,7.50,4.5,"INFORMATION ISOLÉE"
680104,1980/07/22,"0 h 7 min 39 sec","PLAINE DE HAUTE-ALSACE (WITTELSHEIM)",ALSACE,,1016759.87,6752893.71,47.80,7.23,,
680105,1980/07/22,"9 h 59 min 33 sec","PLAINE DE HAUTE-ALSACE (HABSHEIM)",ALSACE,"SECOUSSE INDIVIDUALISEE D UN ESSAIM",1029733.75,6744331.01,47.72,7.40,3.5,INCERTAINE
680106,1980/07/22,"22 h 46 min 24 sec","PLAINE DE HAUTE-ALSACE (BRUNSTATT)",ALSACE,"SECOUSSE INDIVIDUALISEE D UN ESSAIM",1023495.10,6743986.31,47.72,7.32,5.5,INCERTAINE
680107,1980/07/23,"2 h 45 min 1 sec","PLAINE DE HAUTE-ALSACE (HOMBOURG)",ALSACE,"SECOUSSE INDIVIDUALISEE D UN ESSAIM",1036903.25,6750299.57,47.77,7.50,,
640420,1980/07/25,"4 h","BEARN (MONTORY)","PYRENEES OCCIDENTALES",,389165.73,6229816.01,43.10,-0.82,3,"INFORMATION ISOLÉE"
640421,1980/07/25,"11 h 45 min","BEARN (MONTORY)","PYRENEES OCCIDENTALES",,389165.73,6229816.01,43.10,-0.82,3,"INFORMATION ISOLÉE"
640419,1980/07/27,"7 h 14 min 34 sec","OSSAU (ARUDY)","PYRENEES OCCIDENTALES",REPLIQUE,426990.11,6224388.45,43.07,-0.35,5.5,"ASSEZ SURE"
860033,1980/07/27,"23 h 42 min 7 sec","BRANDES DU HAUT-POITOU (BOURG-ARCHAMBAUTL)",POITOU,,546261.89,6587139.86,46.37,1.00,4,"ASSEZ SURE"
640422,1980/08/14,"20 h 6 min 48 sec","BEARN (ARETTE)","PYRENEES OCCIDENTALES","SECOUSSE INDIVIDUALISEE D UN ESSAIM",397303.76,6229427.52,43.10,-0.72,,
640423,1980/08/14,"20 h 16 min 3 sec","BEARN (ARETTE)","PYRENEES OCCIDENTALES","SECOUSSE INDIVIDUALISEE D UN ESSAIM",397303.76,6229427.52,43.10,-0.72,,
640424,1980/08/14,"20 h 21 min 57 sec","BEARN (ARETTE)","PYRENEES OCCIDENTALES","SECOUSSE INDIVIDUALISEE D UN ESSAIM",397303.76,6229427.52,43.10,-0.72,,
640425,1980/08/14,"21 h 41 min","BEARN (ARETTE)","PYRENEES OCCIDENTALES","SECOUSSE INDIVIDUALISEE D UN ESSAIM",397303.76,6229427.52,43.10,-0.72,,
680108,1980/09/05,"1 h 46 min 1 sec","PLAINE DE HAUTE-ALSACE (PFASTATT)",ALSACE,"SECOUSSE INDIVIDUALISEE D UN ESSAIM",1023495.10,6743986.31,47.72,7.32,,
680109,1980/09/19,"1 h 54 min 19 sec","PLAINE DE HAUTE-ALSACE (RIXHEIM)",ALSACE,"SECOUSSE INDIVIDUALISEE D UN ESSAIM",1029527.49,6748028.71,47.75,7.40,5,SURE
680110,1980/09/19,"17 h 54 min 50 sec","PLAINE DE HAUTE-ALSACE (MULHOUSE)",ALSACE,"SECOUSSE INDIVIDUALISEE D UN ESSAIM",1024539.67,6747752.60,47.75,7.33,,
1130141,1980/10/10,"21 h 42 min 50 sec","UBAYE (LARCHE)","ALPES PROVENCALES",,1006234.87,6379794.78,44.45,6.85,5,"ASSEZ SURE"
640426,1980/10/12,"7 h 6 min 3 sec","BEARN (ARTIX)","PYRENEES OCCIDENTALES",,411017.63,6262180.83,43.40,-0.57,4,"INFORMATION ISOLÉE"
60111,1980/11/29,"6 h 48 min 49 sec","ALPES NICOISES (SOSPEL)","ALPES MARITIMES",,1057458.85,6319444.69,43.88,7.45,,
390024,1980/11/30,"0 h 6 min 8 sec","JURA (VESCLES)",FRANCHE-COMTE,,901248.06,6584825.73,46.33,5.62,3,SURE
740119,1980/12/02,"5 h 58 min 13 sec","BAUGES (FAVERGES)","ALPES SAVOYARDES",,956404.98,6523920.74,45.77,6.30,6.5,"ASSEZ SURE"
740120,1980/12/02,"6 h 14 min 59 sec","BAUGES (FAVERGES)","ALPES SAVOYARDES",REPLIQUE,956404.98,6523920.74,45.77,6.30,4,ARBITRAIRE
740121,1980/12/02,"6 h 42 min 48 sec","BAUGES (FAVERGES)","ALPES SAVOYARDES",REPLIQUE,956404.98,6523920.74,45.77,6.30,4,ARBITRAIRE
200020,1980/12/11,"0 h 24 min 32 sec","CASTAGNICCIA (CERVIONE)",CORSE,,1234616.67,6158992.91,42.33,9.48,4,"ASSEZ SURE"
740122,1980/12/16,"22 h 11 min 2 sec","BAUGES (FAVERGES)","ALPES SAVOYARDES",REPLIQUE,956404.98,6523920.74,45.77,6.30,,
650423,1980/12/29,"21 h","LAVEDAN (ARGELES-GAZOST)","PYRENEES CENTRALES",,447062.16,6216149.41,43.00,-0.10,,
640417,1981/02/05,"21 h 56 min 3 sec","BEARN (NAVARRENX)","PYRENEES OCCIDENTALES",,398785.79,6260890.73,43.38,-0.72,6,SURE
1130143,1981/02/08,"4 h","PIEMONT (SUSA ?)",ITALIE,PRECURSEUR,1004333.96,6472371.21,45.28,6.88,,
680111,1981/03/23,"21 h 29 min 4 sec","PLAINE DE HAUTE-ALSACE (ROSENAU)",ALSACE,,1040246.09,6735652.96,47.63,7.53,5,"ASSEZ SURE"
640427,1981/05/11,"1 h 52 min 57 sec","OSSAU (ARUDY)","PYRENEES OCCIDENTALES",REPLIQUE,422838.07,6222711.19,43.05,-0.40,5,SURE
640428,1981/05/12,"17 h 42 min 52 sec","BEARN (OLORON-SAINTE-MARIE)","PYRENEES OCCIDENTALES",,405951.33,6240155.47,43.20,-0.62,,
650424,1981/07/19,"19 h 58 min 35 sec","BIGORRE (BAGNERES-DE-BIGORRE)","PYRENEES CENTRALES",,470037.62,6211579.22,42.97,0.18,5,"ASSEZ SURE"
680112,1981/07/21,"21 h 50 min 17 sec","PLAINE DE HAUTE-ALSACE (BRUNSTATT)",ALSACE,,1023495.10,6743986.31,47.72,7.32,4.5,INCERTAINE
490076,1981/08/31,"2 h 28 min 47 sec","VALLEE DU LAYON (CLERE)",ANJOU,,440860.82,6670394.01,47.08,-0.42,5,SURE
490077,1981/08/31,"6 h 14 min 29 sec","VALLEE DU LAYON (CLERE)",ANJOU,REPLIQUE,440860.82,6670394.01,47.08,-0.42,,
1150032,1981/09/04,"4 h 41 min 59 sec","MANCHE (N. ABER VRAC'H)",BRETAGNE,,140478.46,6860258.14,48.60,-4.60,5,"ASSEZ SURE"
650425,1981/09/28,"1 h 41 min 51 sec","LAVEDAN (FERRIERES)","PYRENEES CENTRALES",,437699.07,6220233.39,43.03,-0.22,5,"ASSEZ SURE"
650426,1981/09/28,"4 h 45 min","LAVEDAN (FERRIERES)","PYRENEES CENTRALES",REPLIQUE,437699.07,6220233.39,43.03,-0.22,,
630076,1981/10/24,"23 h 12 min 27 sec","LIMAGNE (PESSAT-VILLENEUVE)",AUVERGNE,,710331.53,6537079.19,45.93,3.13,4,SURE
630077,1981/10/24,,"LIMAGNE (PESSAT-VILLENEUVE)",AUVERGNE,REPLIQUE,711623.00,6537081.50,45.93,3.15,,
380108,1981/10/31,"21 h 58 min 38 sec","BAS-PLATEAUX DAUPHINOIS (ST-MARCELLIN)",DAUPHINE,,882037.03,6452748.96,45.15,5.32,,
640431,1982/01/06,"16 h 32 min 49 sec","PAYS BASQUE (ST-JEAN-LE-VIEUX)","PYRENEES OCCIDENTALES",,368727.47,6228981.70,43.08,-1.07,6.5,"ASSEZ SURE"
640432,1982/01/06,"17 h 22 min 11 sec","PAYS BASQUE (ST-JEAN-LE-VIEUX)","PYRENEES OCCIDENTALES",REPLIQUE,371629.72,6232543.75,43.12,-1.03,4,"ASSEZ SURE"
640435,1982/01/06,"16 h 45 min","PAYS BASQUE (ST-JEAN-LE-VIEUX)","PYRENEES OCCIDENTALES",REPLIQUE,357014.34,6238874.48,43.17,-1.22,,
640436,1982/01/06,"18 h 17 min","PAYS BASQUE (ST-JEAN-LE-VIEUX)","PYRENEES OCCIDENTALES",REPLIQUE,358368.76,6238802.23,43.17,-1.20,,
640434,1982/01/08,"3 h 8 min","BEARN (ARETTE)","PYRENEES OCCIDENTALES",,389165.73,6229816.01,43.10,-0.82,,
640433,1982/01/13,"6 h 18 min","PAYS BASQUE (TROIS-VILLES)","PYRENEES OCCIDENTALES",,371629.72,6232543.75,43.12,-1.03,4,INCERTAINE
640448,1982/01/27,"0 h 18 min 58 sec","BEARN (VAL-DU-GAVE-D'ASPE)","PYRENEES OCCIDENTALES",,407903.09,6223372.03,43.05,-0.58,4,INCERTAINE
650442,1982/03/14,"18 h 55 min 49 sec","BIGORRE (BAGNERES-DE-BIGORRE)","PYRENEES CENTRALES",,458144.76,6221287.04,43.05,0.03,,
700020,1982/03/21,"12 h 20 min 7 sec","PLATEAU DE HAUTE-SAONE (SCEY-SUR-SAONE)",FRANCHE-COMTE,,922591.93,6733768.65,47.67,5.97,3,"INFORMATION ISOLÉE"
650443,1982/04/10,"21 h 8 min 44 sec","BIGORRE (BAGNERES-DE-BIGORRE)","PYRENEES CENTRALES",,467718.61,6222788.66,43.07,0.15,,
640446,1982/04/24,"17 h 5 min 30 sec","BEARN (SARRANCE)","PYRENEES OCCIDENTALES",,407903.09,6223372.03,43.05,-0.58,5,SURE
640447,1982/04/24,"10 h 37 min 27 sec","BEARN (SARRANCE)","PYRENEES OCCIDENTALES",PRECURSEUR,407903.09,6223372.03,43.05,-0.58,,
1150033,1982/04/28,"21 h 33 min 1 sec","MANCHE (N. ABER VRAC'H)",BRETAGNE,,135802.75,6875605.26,48.73,-4.68,4,INCERTAINE
640439,1982/06/11,"19 h 48 min 45 sec","OSSAU (ARUDY)","PYRENEES OCCIDENTALES",PRECURSEUR,422997.60,6226413.91,43.08,-0.40,4,"ASSEZ SURE"
640437,1982/06/12,"9 h 59 min 12 sec","OSSAU (CASTET)","PYRENEES OCCIDENTALES",,420203.08,6224680.16,43.07,-0.43,5.5,SURE
640438,1982/06/12,"17 h 23 min 51 sec","OSSAU (CASTET ?)","PYRENEES OCCIDENTALES",REPLIQUE,422997.60,6226413.91,43.08,-0.40,5,INCERTAINE
640440,1982/06/12,"11 h 48 min 25 sec","OSSAU (CASTET)","PYRENEES OCCIDENTALES",REPLIQUE,421560.41,6224621.24,43.07,-0.42,,
640441,1982/06/12,"11 h 49 min 21 sec","OSSAU (CASTET)","PYRENEES OCCIDENTALES",REPLIQUE,421560.41,6224621.24,43.07,-0.42,,
640442,1982/06/12,"13 h 50 min 55 sec","OSSAU (CASTET)","PYRENEES OCCIDENTALES",REPLIQUE,421560.41,6224621.24,43.07,-0.42,,
640443,1982/06/12,"15 h 45 min 26 sec","OSSAU (CASTET)","PYRENEES OCCIDENTALES",REPLIQUE,422997.60,6226413.91,43.08,-0.40,,
640444,1982/08/25,"20 h 59 min 2 sec","BEARN (S. ARTHEZ-D'ASSON)","PYRENEES OCCIDENTALES",,430907.65,6220513.79,43.03,-0.30,6,INCERTAINE
640445,1982/08/26,"5 h 19 min","BEARN (E. ARTHEZ-D'ASSON)","PYRENEES OCCIDENTALES",REPLIQUE,430907.65,6220513.79,43.03,-0.30,,
650441,1982/08/31,"13 h 24 min 55 sec","LAVEDAN (ARGELES-GAZOST)","PYRENEES CENTRALES",,447062.16,6216149.41,43.00,-0.10,3.5,"INFORMATION ISOLÉE"
60115,1982/09/02,"21 h 45 min 25 sec","ALPES NICOISES (VALDEBLORE)","ALPES MARITIMES",,1037646.72,6338757.98,44.07,7.22,4.5,SURE
40161,1982/09/29,"19 h 44 min 18 sec","PREALPES DE DIGNE (SEYNE-LES-ALPES)","ALPES PROVENCALES",,966960.92,6366882.55,44.35,6.35,3.5,"INFORMATION ISOLÉE"
170105,1982/10/23,"9 h 54 min 29 sec","AUNIS (CHATELAILLON-PLAGE)",CHARENTES,,383311.76,6561951.64,46.08,-1.10,4,"ASSEZ SURE"
880047,1982/11/02,"23 h 56 min 3 sec","HAUTES-VOSGES (LE SYNDICAT)",VOSGES,,973532.19,6769271.65,47.97,6.67,4,"ASSEZ SURE"
630086,1982/11/07,"2 h 1 min 15 sec","COMBRAILLE (ST-ELOY-LES-MINES)",AUVERGNE,,687136.32,6561145.03,46.15,2.83,5,"ASSEZ SURE"
740123,1982/11/08,"13 h 2 min 31 sec","FAUCIGNY (BONNEVILLE)","ALPES SAVOYARDES",,961290.33,6561177.57,46.10,6.38,5,SURE
740124,1982/11/08,"13 h 7 min 56 sec","FAUCIGNY (BONNEVILLE)","ALPES SAVOYARDES",REPLIQUE,963943.13,6559439.26,46.08,6.42,3,"INFORMATION ISOLÉE"
740125,1982/11/08,"13 h 26 min 9 sec","FAUCIGNY (BONNEVILLE)","ALPES SAVOYARDES",REPLIQUE,961290.33,6561177.57,46.10,6.38,3,INCERTAINE
740126,1982/11/08,"14 h 37 min 5 sec","FAUCIGNY (BONNEVILLE)","ALPES SAVOYARDES",REPLIQUE,961290.33,6561177.57,46.10,6.38,4,INCERTAINE
440064,1982/11/09,"13 h 44 min 47 sec","PAYS DE NANTES (NANTES)","PAYS NANTAIS ET VENDEEN",,350693.55,6687959.76,47.20,-1.62,3.5,SURE
670129,1982/11/21,"6 h 55 min 11 sec","PLAINE DE BASSE-ALSACE (OBENHEIM)",ALSACE,,1046660.81,6817656.90,48.37,7.68,3.5,"ASSEZ SURE"
730192,1982/11/22,"1 h 55 min 19 sec","MAURIENNE (ST-JEAN-DE-MAURIENNE)","ALPES SAVOYARDES",,962642.62,6468607.50,45.27,6.35,3,INCERTAINE
670130,1982/11/28,"23 h 11 min 52 sec","PLAINE DE BASSE-ALSACE (OBENHEIM)",ALSACE,REPLIQUE,1046660.81,6817656.90,48.37,7.68,,
290034,1982/12/21,"18 h 45 min 41 sec","PAYS DE BREST (GUIPAVAS)",BRETAGNE,,153945.35,6845947.14,48.48,-4.40,5,SURE
1130151,1982/12/23,"14 h 48 min 13 sec","MEDITERRANEE (GOLFE DU LION)",LANGUEDOC,,765289.94,6211514.45,43.00,3.80,5,ARBITRAIRE
50091,1983/01/01,"4 h 22 min 1 sec","QUEYRAS (CEILLAC)","ALPES DAUPHINOISES",,999783.45,6403578.61,44.67,6.78,,
860032,1983/01/01,"19 h 1 min 57 sec","PLAINES DU HAUT-POITOU (CHALANDRAY)",POITOU,,471962.52,6622817.92,46.67,0.02,3,INCERTAINE
640459,1983/01/16,"7 h 23 min 1 sec","OSSAU (ARUDY)","PYRENEES OCCIDENTALES",,428269.38,6222479.48,43.05,-0.33,3.5,ARBITRAIRE
630087,1983/01/21,"9 h 41 min 56 sec","MONTS-DORE (ROCHEFORT-MONTAGNE)",AUVERGNE,,685729.68,6509324.36,45.68,2.82,4,INCERTAINE
640449,1983/01/23,"18 h 22 min 49 sec","BEARN (ARTIX)","PYRENEES OCCIDENTALES",,411017.63,6262180.83,43.40,-0.57,3,INCERTAINE
640450,1983/01/24,"20 h 38 min 49 sec","OSSAU (ARUDY)","PYRENEES OCCIDENTALES",,428347.59,6224330.97,43.07,-0.33,5,"ASSEZ SURE"
680118,1983/01/24,"1 h 12 min 46 sec","PLAINE DE HAUTE-ALSACE (MUNCHHOUSE)",ALSACE,,1032538.03,6761180.77,47.87,7.45,,
730193,1983/01/25,"19 h 0 min 10 sec","TARENTAISE (MOUTIERS)","ALPES SAVOYARDES",,975764.79,6496970.02,45.52,6.53,5,"ASSEZ SURE"
680119,1983/01/27,"21 h 58 min 45 sec","PLAINE DE HAUTE-ALSACE (MUNCHHOUSE)",ALSACE,REPLIQUE,1032538.03,6761180.77,47.87,7.45,,
250030,1983/02/03,"2 h 48 min 30 sec","AVANT-PAYS JURASSIEN (RANDEVILLERS)",FRANCHE-COMTE,,965564.89,6696619.37,47.32,6.52,4,INCERTAINE
250031,1983/02/05,"16 h 19 min 11 sec","AVANT-PAYS JURASSIEN (RANDEVILLERS)",FRANCHE-COMTE,REPLIQUE,965564.89,6696619.37,47.32,6.52,,
740130,1983/02/20,"2 h 49 min 3 sec","FAUCIGNY (PASSEIRIER)","ALPES SAVOYARDES",,958796.12,6559218.59,46.08,6.35,,
290037,1983/02/24,"17 h","PAYS DE BREST (BREST)",BRETAGNE,,141506.79,6845268.56,48.47,-4.57,3,"INFORMATION ISOLÉE"
680120,1983/02/25,"4 h 37 min 18 sec","PLAINE DE HAUTE-ALSACE (MUNCHHOUSE)",ALSACE,REPLIQUE,1032433.73,6763029.65,47.88,7.45,3,ARBITRAIRE
290038,1983/03/07,"17 h 47 min","PAYS DE BREST (ST-RENAN)",BRETAGNE,,137470.86,6841935.28,48.43,-4.62,,
490081,1983/03/09,"8 h 52 min 16 sec","VALLEE DU LAYON (CLERE)",ANJOU,,437152.21,6672408.76,47.10,-0.47,2.5,INCERTAINE
640460,1983/03/17,"13 h 45 min 12 sec","BEARN (ARTHEZ-D'ASSON)","PYRENEES OCCIDENTALES",,435211.23,6225899.30,43.08,-0.25,3.5,"INFORMATION ISOLÉE"
40163,1983/03/20,"16 h 1 min 31 sec","PREALPES DE DIGNE (SEYNE-LES-ALPES)","ALPES PROVENCALES",,966725.33,6372432.08,44.40,6.35,5,"ASSEZ SURE"
40164,1983/03/20,"21 h 50 min 26 sec","PREALPES DE DIGNE (SEYNE-LES-ALPES)","ALPES PROVENCALES",REPLIQUE,966725.33,6372432.08,44.40,6.35,4,"ASSEZ SURE"
740129,1983/03/21,"5 h 14 min 57 sec","CHABLAIS (MORZINE)","ALPES SAVOYARDES",,985295.49,6571518.49,46.18,6.70,4,INCERTAINE
870024,1983/03/21,"16 h 45 min 5 sec","BASSE-MARCHE (LE DORAT)",LIMOUSIN,PRECURSEUR,545746.27,6566786.73,46.18,1.00,2.5,INCERTAINE
870025,1983/03/23,"6 h 53 min 5 sec","BASSE-MARCHE (LE DORAT)",LIMOUSIN,,545746.27,6566786.73,46.18,1.00,3.5,INCERTAINE
640451,1983/03/26,"4 h 37 min 15 sec","BEARN (ARETTE)","PYRENEES OCCIDENTALES",,394591.06,6229555.87,43.10,-0.75,3.5,"ASSEZ SURE"
640452,1983/03/30,"18 h 11 min 19 sec","BEARN (ARETTE)","PYRENEES OCCIDENTALES",,393057.97,6225918.59,43.07,-0.77,5,INCERTAINE
50092,1983/04/13,"8 h 49 min 31 sec","QUEYRAS (REOTIER-SAINT-CREPIN)","ALPES DAUPHINOISES",,987821.18,6404869.66,44.68,6.63,4,"ASSEZ SURE"
640453,1983/04/17,"11 h 38 min 49 sec","BEARN (ARTIX)","PYRENEES OCCIDENTALES",,411017.63,6262180.83,43.40,-0.57,4,"INFORMATION ISOLÉE"
870026,1983/04/21,"1 h 53 min 8 sec","BASSE-MARCHE (BELLAC)",LIMOUSIN,,549327.60,6555588.57,46.08,1.05,5,"ASSEZ SURE"
870027,1983/04/21,"5 h 58 min 48 sec","BASSE-MARCHE (BELLAC)",LIMOUSIN,REPLIQUE,549327.60,6555588.57,46.08,1.05,3,"ASSEZ SURE"
870028,1983/04/21,"19 h 7 min 2 sec","BASSE-MARCHE (BELLAC)",LIMOUSIN,REPLIQUE,549327.60,6555588.57,46.08,1.05,4,"ASSEZ SURE"
870029,1983/04/21,"23 h 31 min 14 sec","BASSE-MARCHE (BELLAC)",LIMOUSIN,REPLIQUE,549327.60,6555588.57,46.08,1.05,3.5,INCERTAINE
870030,1983/04/22,"3 h 55 min 13 sec","BASSE-MARCHE (BELLAC)",LIMOUSIN,REPLIQUE,549327.60,6555588.57,46.08,1.05,,
60116,1983/04/23,"0 h 18 min 28 sec","ALPES NICOISES (BREIL-SUR-ROYA)","ALPES MARITIMES",,1062596.51,6323446.72,43.92,7.52,4,INCERTAINE
790028,1983/04/26,"22 h 56 min 6 sec","BOCAGE VENDEEN (GLENAY)",POITOU,,452428.10,6643966.46,46.85,-0.25,2,INCERTAINE
790029,1983/04/26,"22 h 58 min 7 sec","BOCAGE VENDEEN (GLENAY)",POITOU,REPLIQUE,452504.27,6645816.00,46.87,-0.25,,
640454,1983/06/06,"1 h 29 min 48 sec","OSSAU (ARUDY)","PYRENEES OCCIDENTALES",,428269.38,6222479.48,43.05,-0.33,5,"ASSEZ SURE"
290035,1983/06/08,"18 h 40 min","LEON (GUILERS)",BRETAGNE,,139569.88,6838010.29,48.40,-4.58,,
440067,1983/06/12,"0 h 18 min 9 sec","ESTUAIRE DE LA LOIRE (LE PELLERIN)","PAYS NANTAIS ET VENDEEN",,340617.31,6688558.09,47.20,-1.75,3,INCERTAINE
290036,1983/06/16,"15 h 19 min 41 sec","PAYS DE BREST (BREST)",BRETAGNE,,143606.71,6841344.85,48.43,-4.53,3,"ASSEZ SURE"
250032,1983/06/21,"15 h 3 min 3 sec","JURA (ORNANS)",FRANCHE-COMTE,,937587.89,6671352.49,47.10,6.13,4.5,INCERTAINE
1150035,1983/06/25,"1 h 55 min 17 sec","PRESQU'ILE GUERANDAISE (LE POULIGUEN)","PAYS NANTAIS ET VENDEEN",,289502.29,6699279.30,47.27,-2.43,,
530014,1983/07/07,"3 h 52 min 25 sec","PAYS DE GORRON (LANDIVY)",MAINE,,401785.37,6822401.56,48.43,-1.03,4.5,SURE
640455,1983/07/18,"23 h 44 min 0 sec","BEARN (ARTHEZ-DE-BEARN)","PYRENEES OCCIDENTALES",,405875.56,6267978.92,43.45,-0.63,4.5,"ASSEZ SURE"
660086,1983/07/20,"19 h 8 min 14 sec","CONFLENT (MONT-CANIGOU)","PYRENEES ORIENTALES",,645074.96,6150244.60,42.45,2.33,4,INCERTAINE
380105,1983/07/24,"10 h 36 min 22 sec","BAS-PLATEAUX DAUPHINOIS (LA TOUR-DU-PIN)",DAUPHINE,,893673.95,6499397.54,45.57,5.48,2.5,"INFORMATION ISOLÉE"
50090,1983/07/25,"18 h 31 min 16 sec","BRIANCONNAIS (BRIANCON)","ALPES DAUPHINOISES",,987942.98,6430819.70,44.92,6.65,4,INCERTAINE
500051,1983/08/03,"3 h 7 min 20 sec","AVRANCHIN (ST-JAMES)",NORMANDIE,,381362.69,6832758.68,48.52,-1.32,3,"INFORMATION ISOLÉE"
440065,1983/08/14,"15 h 35 min 52 sec","PAYS DE PONTCHATEAU (ST-GILDAS-DES-BOIS)","PAYS NANTAIS ET VENDEEN",,320315.99,6726919.08,47.53,-2.05,4.5,"ASSEZ SURE"
440066,1983/08/14,"15 h 40 min 27 sec","PAYS DE PONTCHATEAU (ST-GILDAS-DES-BOIS)","PAYS NANTAIS ET VENDEEN",REPLIQUE,320315.99,6726919.08,47.53,-2.05,,
640456,1983/08/17,"1 h 31 min 47 sec","BEARN (ARTHEZ-DE-BEARN)","PYRENEES OCCIDENTALES",,405875.56,6267978.92,43.45,-0.63,3,"ASSEZ SURE"
1150034,1983/08/27,"23 h 29 min 3 sec","ATLANTIQUE (W. ILE D'OLERON)",CHARENTES,,359750.31,6555807.00,46.02,-1.40,,
50089,1983/08/29,"15 h 32 min 23 sec","BRIANCONNAIS (BRIANCON)","ALPES DAUPHINOISES",,989256.87,6430880.62,44.92,6.67,3.5,INCERTAINE
70011,1983/09/10,"8 h 8 min 53 sec","BAS-VIVARAIS (ST-ETIENNE-DE-BOULOGNE)",CEVENNES,,813544.35,6401128.54,44.70,4.43,5,"INFORMATION ISOLÉE"
40162,1983/09/13,"23 h 26 min 6 sec","UBAYE (JAUSIERS)","ALPES PROVENCALES",,997137.03,6375650.42,44.42,6.73,4,"INFORMATION ISOLÉE"
790027,1983/09/14,"4 h 32 min 42 sec","BOCAGE VENDEEN (BRESSUIRE)",POITOU,,435933.55,6644668.41,46.85,-0.47,4,SURE
60120,1983/10/13,"8 h 52 min 28 sec","ALPES NICOISES (BREIL-SUR-ROYA)","ALPES MARITIMES","SECOUSSE INDIVIDUALISEE D UN ESSAIM",1067083.02,6338545.23,44.05,7.58,3,"INFORMATION ISOLÉE"
640457,1983/10/19,"1 h 52 min 4 sec","OSSAU (ARUDY)","PYRENEES OCCIDENTALES",,420364.17,6228382.75,43.10,-0.43,,
680117,1983/10/24,"21 h 31 min 27 sec","PLAINE DE HAUTE-ALSACE (OTTMARSHEIM)",ALSACE,,1036797.78,6752148.28,47.78,7.50,3.5,INCERTAINE
790030,1983/10/24,"20 h 23 min 50 sec","MELLOIS (CHAUNAY)",POITOU,,480212.65,6568799.96,46.18,0.15,4,"ASSEZ SURE"
640458,1983/10/26,"6 h 3 min 33 sec","OSSAU (LOUVIE-JUZON)","PYRENEES OCCIDENTALES",,421640.56,6226472.52,43.08,-0.42,3,"ASSEZ SURE"
60117,1983/11/01,"4 h 0 min 26 sec","ALPES NICOISES (BREIL-SUR-ROYA)","ALPES MARITIMES","SECOUSSE INDIVIDUALISEE D UN ESSAIM",1062596.51,6323446.72,43.92,7.52,4,"ASSEZ SURE"
60118,1983/11/01,"4 h 3 min 50 sec","ALPES NICOISES (BREIL-SUR-ROYA)","ALPES MARITIMES","SECOUSSE INDIVIDUALISEE D UN ESSAIM",1062596.51,6323446.72,43.92,7.52,3.5,"ASSEZ SURE"
60119,1983/11/01,"13 h 58 min 52 sec","ALPES NICOISES (BREIL-SUR-ROYA)","ALPES MARITIMES","SECOUSSE INDIVIDUALISEE D UN ESSAIM",1062490.64,6325295.57,43.93,7.52,,
730194,1983/11/11,"21 h 10 min 28 sec","VANOISE (TIGNES)","ALPES SAVOYARDES",,1003424.05,6490858.17,45.45,6.88,5,"ASSEZ SURE"
790031,1983/11/20,"23 h 41 min 11 sec","PLAINE DE NIORT (VILLIERS-EN-PLAINE)",POITOU,,430935.62,6589305.95,46.35,-0.50,4,"ASSEZ SURE"
60121,1983/12/04,"17 h 34 min 53 sec","ALPES NICOISES (BREIL-SUR-ROYA)","ALPES MARITIMES","SECOUSSE INDIVIDUALISEE D UN ESSAIM",1062490.64,6325295.57,43.93,7.52,4,INCERTAINE
60122,1983/12/05,"9 h 53 min 16 sec","ALPES NICOISES (BREIL-SUR-ROYA)","ALPES MARITIMES","SECOUSSE INDIVIDUALISEE D UN ESSAIM",1062490.64,6325295.57,43.93,7.52,,
60123,1983/12/05,"9 h 53 min 38 sec","ALPES NICOISES (BREIL-SUR-ROYA)","ALPES MARITIMES","SECOUSSE INDIVIDUALISEE D UN ESSAIM",1062490.64,6325295.57,43.93,7.52,,
60124,1983/12/05,"10 h 39 min 37 sec","ALPES NICOISES (BREIL-SUR-ROYA)","ALPES MARITIMES","SECOUSSE INDIVIDUALISEE D UN ESSAIM",1062490.64,6325295.57,43.93,7.52,4,INCERTAINE
60125,1983/12/10,"23 h 39 min 12 sec","ALPES NICOISES (BREIL-SUR-ROYA)","ALPES MARITIMES","SECOUSSE INDIVIDUALISEE D UN ESSAIM",1062490.64,6325295.57,43.93,7.52,3,"INFORMATION ISOLÉE"
680115,1983/12/11,"16 h 0 min 23 sec","VOSGES ALSACIENNES (MUNSTER)",ALSACE,,1011747.25,6776735.70,48.02,7.18,4,INCERTAINE
680116,1983/12/11,"21 h 36 min 56 sec","VOSGES ALSACIENNES (MUNSTER)",ALSACE,REPLIQUE,1011747.25,6776735.70,48.02,7.18,3,INCERTAINE
60126,1983/12/14,"6 h 25 min","ALPES NICOISES (BREIL-SUR-ROYA)","ALPES MARITIMES","SECOUSSE INDIVIDUALISEE D UN ESSAIM",1063020.02,6316050.81,43.85,7.52,,
60127,1983/12/14,"14 h 45 min 40 sec","ALPES NICOISES (BREIL-SUR-ROYA)","ALPES MARITIMES","SECOUSSE INDIVIDUALISEE D UN ESSAIM",1062490.64,6325295.57,43.93,7.52,3.5,"INFORMATION ISOLÉE"
60128,1983/12/15,"22 h 16 min 31 sec","ALPES NICOISES (BREIL-SUR-ROYA)","ALPES MARITIMES","SECOUSSE INDIVIDUALISEE D UN ESSAIM",1062490.64,6325295.57,43.93,7.52,4,"INFORMATION ISOLÉE"
40165,1983/12/22,"18 h 12 min 22 sec","UBAYE (BARCELONNETTE)","ALPES PROVENCALES",,992092.75,6369853.29,44.37,6.67,4,"ASSEZ SURE"
650444,1983/12/25,"16 h 47 min 54 sec","BIGORRE (OSSEN)","PYRENEES CENTRALES",,450068.33,6223450.24,43.07,-0.07,3.5,"INFORMATION ISOLÉE"
40166,1984/01/10,"15 h 58 min 30 sec","UBAYE (BARCELONNETTE)","ALPES PROVENCALES",,990680.43,6371641.23,44.38,6.65,3.5,"INFORMATION ISOLÉE"
60137,1984/01/12,"11 h 54 min 37 sec","ALPES NICOISES (BREIL-SUR-ROYA)","ALPES MARITIMES","SECOUSSE INDIVIDUALISEE D UN ESSAIM",1062490.64,6325295.57,43.93,7.52,4,"INFORMATION ISOLÉE"
830016,1984/01/30,"20 h 8 min 26 sec","BASSE-PROVENCE (AIGUINES)",PROVENCE,,961587.19,6303641.30,43.78,6.25,3.5,"INFORMATION ISOLÉE"
130118,1984/02/19,"21 h 14 min 37 sec","BASSE-PROVENCE (MIMET)",PROVENCE,,902534.12,6260712.25,43.42,5.50,6,SURE
130119,1984/02/20,"3 h 34 min 51 sec","BASSE-PROVENCE (MIMET)",PROVENCE,REPLIQUE,902534.12,6260712.25,43.42,5.50,4,"ASSEZ SURE"
130120,1984/02/20,"8 h 49 min 11 sec","BASSE-PROVENCE (MIMET)",PROVENCE,REPLIQUE,902534.12,6260712.25,43.42,5.50,,
650445,1984/02/23,"5 h 51 min 43 sec","BIGORRE (BAGNERES-DE-BIGORRE)","PYRENEES CENTRALES",,464597.17,6211775.66,42.97,0.12,5,"ASSEZ SURE"
640462,1984/02/25,"2 h 3 min 17 sec","PAYS BASQUE (BAIGORRY)","PYRENEES OCCIDENTALES",,346077.75,6237612.61,43.15,-1.35,6,"ASSEZ SURE"
640463,1984/02/25,"6 h 42 min 54 sec","PAYS BASQUE (BAIGORRY)","PYRENEES OCCIDENTALES",REPLIQUE,348787.05,6237463.77,43.15,-1.32,,
640464,1984/02/25,"13 h 12 min 45 sec","PAYS BASQUE (BAIGORRY)","PYRENEES OCCIDENTALES",REPLIQUE,348787.05,6237463.77,43.15,-1.32,,
1150044,1984/02/25,"6 h 8 min 20 sec","PERTUIS D'ANTIOCHE (E. ST-DENIS-D'OLERON)",CHARENTES,,370350.56,6560785.58,46.07,-1.27,,
640465,1984/02/27,"21 h 35 min 30 sec","PAYS BASQUE (BAIGORRY)","PYRENEES OCCIDENTALES",REPLIQUE,348787.05,6237463.77,43.15,-1.32,,
640466,1984/02/28,"10 h 0 min 51 sec","PAYS BASQUE (HASPARREN)","PYRENEES OCCIDENTALES",REPLIQUE,348787.05,6237463.77,43.15,-1.32,,
640467,1984/03/22,"4 h 36 min 13 sec","PAYS BASQUE (BAIGORRY)","PYRENEES OCCIDENTALES",REPLIQUE,348787.05,6237463.77,43.15,-1.32,,
50096,1984/04/05,"6 h 37 min 30 sec","QUEYRAS (L'ARGENTIERE-LA-BESSEE)","ALPES DAUPHINOISES",,981958.60,6417574.34,44.80,6.57,3.5,"INFORMATION ISOLÉE"
630088,1984/04/11,"4 h 35 min 32 sec","MONTS-DORE (MUROL)",AUVERGNE,,694799.82,6496354.00,45.57,2.93,,
260192,1984/04/17,"8 h 53 min 39 sec","VERCORS (ROCHEFORT-SAMSON)",DAUPHINE,,870761.37,6433910.79,44.98,5.17,5.5,SURE
260193,1984/04/19,"20 h 41 min 18 sec","VERCORS (ROCHEFORT-SAMSON)",DAUPHINE,REPLIQUE,872074.53,6433946.97,44.98,5.18,5,SURE
740131,1984/05/03,"8 h 56 min 51 sec","FAUCIGNY (CLUSES)","ALPES SAVOYARDES",,971828.06,6556080.44,46.05,6.52,5,"ASSEZ SURE"
40176,1984/06/19,"11 h 40 min 37 sec","PREALPES DE DIGNE (AIGLUN)","ALPES PROVENCALES",,952360.94,6332922.98,44.05,6.15,6,SURE
40177,1984/06/30,"19 h 34 min 6 sec","PREALPES DE DIGNE (AIGLUN)","ALPES PROVENCALES",REPLIQUE,951026.37,6332869.85,44.05,6.13,5.5,SURE
640468,1984/08/29,"23 h 30 min 12 sec","PAYS BASQUE (BEHORLEGUY)","PYRENEES OCCIDENTALES",,368822.86,6230832.34,43.10,-1.07,5,"ASSEZ SURE"
640469,1984/08/30,"3 h 52 min","PAYS BASQUE (BEHORLEGUY)","PYRENEES OCCIDENTALES",REPLIQUE,368822.86,6230832.34,43.10,-1.07,,
640493,1984/09/10,"5 h 53 min 22 sec","OSSAU (LOUVIE-JUZON)","PYRENEES OCCIDENTALES",,424354.65,6226355.58,43.08,-0.38,4,"ASSEZ SURE"
1140076,1984/09/26,"5 h 34 min 15 sec","CERDAGNE (RIBAS DE FRESER)",ESPAGNE,REPLIQUE,628577.69,6148550.49,42.43,2.13,,
250033,1984/10/13,"21 h 23 min 15 sec","AVANT-PAYS JURASSIEN (BESANCON)",FRANCHE-COMTE,,935740.43,6686101.00,47.23,6.12,4,"ASSEZ SURE"
650446,1984/10/28,"5 h 13 min 1 sec","BIGORRE (GERMS-SUR-L'OUSSOUET ?)","PYRENEES CENTRALES",,464867.79,6219183.45,43.03,0.12,,
730197,1984/11/05,"7 h 56 min 1 sec","MAURIENNE (ST-JEAN-DE-MAURIENNE)","ALPES SAVOYARDES",,963790.75,6472361.59,45.30,6.37,4,"ASSEZ SURE"
650447,1984/11/17,"4 h 10 min 42 sec","BIGORRE (PIC DU MIDI ?)","PYRENEES CENTRALES",,459226.02,6213828.58,42.98,0.05,4.5,INCERTAINE
660087,1984/12/02,"21 h 49 min 11 sec","FENOUILLEDES (ST-PAUL-DE-FENOUILLET)","PYRENEES ORIENTALES",,661782.31,6189056.28,42.80,2.53,5,"ASSEZ SURE"
880048,1984/12/11,"13 h 56 min 47 sec","HAUTES-VOSGES (ELOYES-REMIREMONT)",VOSGES,PRECURSEUR,973274.28,6774821.74,48.02,6.67,,"INFORMATION ISOLÉE"
880049,1984/12/22,"2 h 18 min 18 sec","HAUTES-VOSGES (ELOYES-REMIREMONT)",VOSGES,PRECURSEUR,968055.88,6780143.59,48.07,6.60,5,"ASSEZ SURE"
880050,1984/12/24,"16 h 44 min 53 sec","HAUTES-VOSGES (ELOYES-REMIREMONT)",VOSGES,PRECURSEUR,968055.88,6780143.59,48.07,6.60,,
880051,1984/12/25,"17 h 34 min 53 sec","HAUTES-VOSGES (ELOYES-REMIREMONT)",VOSGES,PRECURSEUR,966899.73,6778236.91,48.05,6.58,,"INFORMATION ISOLÉE"
880052,1984/12/26,"6 h 43 min 27 sec","HAUTES-VOSGES (ELOYES-REMIREMONT)",VOSGES,PRECURSEUR,968055.88,6780143.59,48.07,6.60,,
880053,1984/12/29,"11 h 2 min 37 sec","HAUTES-VOSGES (ELOYES-REMIREMONT)",VOSGES,,967971.47,6781993.72,48.08,6.60,6,SURE
880054,1984/12/29,"11 h 3 min 14 sec","HAUTES-VOSGES (ELOYES-REMIREMONT)",VOSGES,REPLIQUE,968055.88,6780143.59,48.07,6.60,,
880055,1984/12/29,"14 h 2 min 6 sec","HAUTES-VOSGES (ELOYES-REMIREMONT)",VOSGES,REPLIQUE,968055.88,6780143.59,48.07,6.60,,
880056,1984/12/29,"14 h 54 min 14 sec","HAUTES-VOSGES (ELOYES-REMIREMONT)",VOSGES,REPLIQUE,968055.88,6780143.59,48.07,6.60,,
880057,1984/12/29,"15 h 50 min 29 sec","HAUTES-VOSGES (ELOYES-REMIREMONT)",VOSGES,REPLIQUE,968055.88,6780143.59,48.07,6.60,,
880058,1984/12/31,"16 h 44 min 53 sec","HAUTES-VOSGES (ELOYES-REMIREMONT)",VOSGES,REPLIQUE,968055.88,6780143.59,48.07,6.60,,
880059,1984/12/31,"23 h 26 min 53 sec","HAUTES-VOSGES (ELOYES-REMIREMONT)",VOSGES,REPLIQUE,968055.88,6780143.59,48.07,6.60,5,"ASSEZ SURE"
880060,1985/01/01,"22 h 42 min 20 sec","HAUTES-VOSGES (ELOYES-REMIREMONT)",VOSGES,REPLIQUE,966899.73,6778236.91,48.05,6.58,,"INFORMATION ISOLÉE"
880061,1985/01/02,"18 h 39 min 27 sec","HAUTES-VOSGES (ELOYES-REMIREMONT)",VOSGES,REPLIQUE,968055.88,6780143.59,48.07,6.60,,
730198,1985/01/04,"23 h 59 min 56 sec","VANOISE (ST-MARTIN-DE-BELLEVILLE)","ALPES SAVOYARDES",,979367.55,6474898.66,45.32,6.57,5,"ASSEZ SURE"
1120164,1985/01/04,"16 h 57 min 40 sec","BAS-VALAIS (W. MARTIGNY ?)",SUISSE,,998861.39,6557345.23,46.05,6.87,3.5,INCERTAINE
730199,1985/01/05,"0 h 38 min 6 sec","MAURIENNE (ST-JULIEN-MONT-DENIS)","ALPES SAVOYARDES",REPLIQUE,966639.93,6466925.76,45.25,6.40,,
730200,1985/01/05,"4 h 54 min 50 sec","MAURIENNE (ST-JULIEN-MONT-DENIS)","ALPES SAVOYARDES",REPLIQUE,966639.93,6466925.76,45.25,6.40,,
730201,1985/01/05,"5 h 17 min 16 sec","VANOISE (ST-MARTIN-DE-BELLEVILLE)","ALPES SAVOYARDES",REPLIQUE,966639.93,6466925.76,45.25,6.40,,
730202,1985/01/05,"3 h 47 min 4 sec","MAURIENNE (ST-JULIEN-MONT-DENIS)","ALPES SAVOYARDES",REPLIQUE,972844.50,6474607.27,45.32,6.48,,
880062,1985/01/16,"17 h 29 min 15 sec","HAUTES-VOSGES (ELOYES-REMIREMONT)",VOSGES,REPLIQUE,968055.88,6780143.59,48.07,6.60,,
30034,1985/01/17,"3 h 11 min 36 sec","BOCAGE BOURBONNAIS (BUXIERES-LES-MINES)",BOURBONNAIS,,696162.00,6594448.46,46.45,2.95,3,"ASSEZ SURE"
650448,1985/02/08,"1 h 31 min 4 sec","BIGORRE (BEAUDEAN)","PYRENEES CENTRALES",,468677.53,6211627.90,42.97,0.17,5,INCERTAINE
40194,1985/02/10,"21 h 59 min 40 sec","PREALPES DE DIGNE (DIGNE)","ALPES PROVENCALES",,958806.03,6338743.55,44.10,6.23,3.5,"INFORMATION ISOLÉE"
680121,1985/02/28,"21 h 33 min 2 sec","SUNDGAU (BLOTZHEIM)",ALSACE,,1035457.26,6731670.51,47.60,7.47,5,"ASSEZ SURE"
740132,1985/04/06,"4 h 18 min 37 sec","AVANT-PAYS SAVOYARD (THONON-LES-BAINS)","ALPES SAVOYARDES",,964023.03,6587231.77,46.33,6.43,4,"ASSEZ SURE"
130121,1985/05/28,"0 h 49 min 42 sec","BASSE-PROVENCE (MIMET)",PROVENCE,,901242.56,6258817.93,43.40,5.48,5,"ASSEZ SURE"
740133,1985/05/29,"6 h 1 min 38 sec","CHABLAIS (CHATEL)","ALPES SAVOYARDES",,995119.36,6581252.38,46.27,6.83,4,"INFORMATION ISOLÉE"
740134,1985/06/01,"20 h 3 min 48 sec","CHABLAIS (CHATEL)","ALPES SAVOYARDES",REPLIQUE,995119.36,6581252.38,46.27,6.83,,
840091,1985/07/15,"2 h 55 min 13 sec","BASSE-DURANCE (BEAUMONT-DE-PERTUIS)",VAUCLUSE,,916185.29,6296374.41,43.73,5.68,4,"ASSEZ SURE"
640471,1985/08/05,"7 h 51 min 23 sec","OSSAU (CASTET)","PYRENEES OCCIDENTALES",,421560.41,6224621.24,43.07,-0.42,4.5,"INFORMATION ISOLÉE"
640470,1985/08/27,"23 h 23 min 2 sec","BEARN (ISSOR)","PYRENEES OCCIDENTALES",,404000.65,6227260.51,43.08,-0.63,4,"ASSEZ SURE"
370026,1985/09/30,"11 h 16 min 28 sec","GATINE TOURANGELLE (NEUILLE-PONT-PIERRE)",TOURAINE,,513252.41,6719562.11,47.55,0.52,5,SURE
640472,1985/09/30,"2 h 28 min 1 sec","BEARN (S-E. OLORON-SAINTE-MARIE ?)","PYRENEES OCCIDENTALES",,410784.97,6226951.71,43.08,-0.55,4,"ASSEZ SURE"
90031,1985/10/02,"13 h 41 min 47 sec","COUSERANS (VICDESSOS)","PYRENEES CENTRALES",,573106.55,6192042.38,42.82,1.45,4.5,"ASSEZ SURE"
790036,1985/10/07,"13 h 1 min 50 sec","BOCAGE VENDEEN (BOISME)",POITOU,,438068.80,6635311.00,46.77,-0.43,4,SURE
90032,1985/10/11,"23 h 58 min 16 sec","COUSERANS (SALAU)","PYRENEES CENTRALES",,551108.40,6185095.46,42.75,1.18,3,"INFORMATION ISOLÉE"
880063,1985/11/04,"6 h 4 min 14 sec","HAUTES-VOSGES (REMIREMONT)",VOSGES,,968309.11,6774593.11,48.02,6.60,3,"ASSEZ SURE"
700021,1985/11/05,"21 h 35 min 35 sec","PLATEAU DE HAUTE-SAONE (MONTUREUX-SUR-SAONE)",FRANCHE-COMTE,,898023.59,6719927.57,47.55,5.63,3.5,"ASSEZ SURE"
370025,1985/11/09,"21 h 59 min 26 sec","CHINONAIS (CINAIS)",TOURAINE,,482891.79,6677984.36,47.17,0.13,3,INCERTAINE
640473,1985/11/21,"23 h 35 min 9 sec","BEARN (PEDESTARRES)","PYRENEES OCCIDENTALES",,428503.99,6228033.77,43.10,-0.33,4,"ASSEZ SURE"
40178,1985/12/13,"5 h 44 min 9 sec","PREALPES DE DIGNE (SEYNE-LES-ALPES)","ALPES PROVENCALES",,966960.92,6366882.55,44.35,6.35,4.5,"ASSEZ SURE"
640474,1986/01/09,"6 h 2 min 47 sec","PAYS BASQUE (IROULEGUY)","PYRENEES OCCIDENTALES",,353151.39,6242793.34,43.20,-1.27,4,"ASSEZ SURE"
340025,1986/01/15,"21 h 38 min 49 sec","VALLEE DE L'ORB (ST-PONS)",LANGUEDOC,PRECURSEUR,681132.03,6270501.13,43.53,2.77,,
340026,1986/01/15,"22 h 19 min 17 sec","VALLEE DE L'ORB (ST-PONS)",LANGUEDOC,,678424.05,6266804.83,43.50,2.73,4,"ASSEZ SURE"
40179,1986/01/17,"20 h 27 min 20 sec","PREALPES DE DIGNE (SEYNE-LES-ALPES)","ALPES PROVENCALES",,965789.79,6363126.58,44.32,6.33,4,"ASSEZ SURE"
340027,1986/01/17,"3 h 10 min 27 sec","VALLEE DE L'ORB (ST-PONS)",LANGUEDOC,REPLIQUE,678424.05,6266804.83,43.50,2.73,,
340028,1986/02/05,"6 h 2 min 25 sec","VALLEE DE L'ORB (ST-PONS)",LANGUEDOC,REPLIQUE,690544.07,6255660.16,43.40,2.88,2.5,"INFORMATION ISOLÉE"
640475,1986/02/06,"1 h 8 min 11 sec","BEARN (ARTHEZ-DE-BEARN)","PYRENEES OCCIDENTALES",,407308.58,6269767.60,43.47,-0.62,5,SURE
640476,1986/02/06,"18 h 43 min 26 sec","PAYS BASQUE (AINCILLE)","PYRENEES OCCIDENTALES",,359625.07,6236879.87,43.15,-1.18,5,SURE
230032,1986/02/19,"13 h 27 min 1 sec","HAUTE-MARCHE (AZERABLES)",LIMOUSIN,,583338.85,6582611.35,46.33,1.48,4,"ASSEZ SURE"
300028,1986/02/25,"17 h 10 min 40 sec","COSTIERE (E. REMOULINS)",CEVENNES,,836419.73,6320097.96,43.97,4.70,5,SURE
40180,1986/03/23,"13 h 59 min 24 sec","PREALPES DE DIGNE (VERDACHES)","ALPES PROVENCALES",,967196.50,6361332.88,44.30,6.35,4.5,"ASSEZ SURE"
40181,1986/03/23,"14 h 3 min 21 sec","PREALPES DE DIGNE (VERDACHES)","ALPES PROVENCALES",REPLIQUE,967196.50,6361332.88,44.30,6.35,,
40182,1986/03/23,"14 h 22 min 23 sec","PREALPES DE DIGNE (VERDACHES)","ALPES PROVENCALES",REPLIQUE,967196.50,6361332.88,44.30,6.35,,
40183,1986/03/28,"19 h 0 min 40 sec","PREALPES DE DIGNE (VERDACHES)","ALPES PROVENCALES",REPLIQUE,966024.21,6357576.77,44.27,6.33,,
640530,1986/04/19,"9 h 1 min 50 sec","OSSAU (CASTET)","PYRENEES OCCIDENTALES",,421400.09,6220918.40,43.03,-0.42,4,"ASSEZ SURE"
220027,1986/04/21,"4 h 23 min 22 sec","MONTS D'ARREE (CORLAY)",BRETAGNE,,247144.30,6821217.02,48.33,-3.12,4,"ASSEZ SURE"
60135,1986/05/01,"0 h 28 min 2 sec","MEDITERRANEE (S. CAP D'AIL)","ALPES MARITIMES",,1049722.25,6289333.68,43.62,7.33,4,INCERTAINE
740135,1986/05/08,"19 h 58 min 31 sec","CHABLAIS (ST-JEAN-D'AULPS)","ALPES SAVOYARDES",,982297.57,6580643.01,46.27,6.67,4,INCERTAINE
380114,1986/05/29,"19 h 58 min 59 sec","BAS-PLATEAUX DAUPHINOIS (ST-SYMPHORIEN/OZON)",FOREZ-LYONNAIS,,851860.66,6507481.33,45.65,4.95,4,INCERTAINE
640483,1986/06/02,"16 h 58 min 3 sec","BEARN (LACQ)","PYRENEES OCCIDENTALES",PRECURSEUR,405619.92,6262427.09,43.40,-0.63,,
640484,1986/06/02,"22 h 4 min 59 sec","BEARN (LACQ)","PYRENEES OCCIDENTALES",,405619.92,6262427.09,43.40,-0.63,5,"ASSEZ SURE"
90033,1986/06/17,"21 h 34 min 33 sec","COUSERANS (SALAU)","PYRENEES CENTRALES",,551108.40,6185095.46,42.75,1.18,3,"INFORMATION ISOLÉE"
120015,1986/06/23,"18 h 16 min 10 sec","VALLEE DU LOT (ESTAING)",QUERCY-ROUERGUE,,673522.65,6383492.04,44.55,2.67,4,"ASSEZ SURE"
120016,1986/06/24,"15 h 57 min 56 sec","VALLEE DU LOT (ESTAING)",QUERCY-ROUERGUE,REPLIQUE,673522.65,6383492.04,44.55,2.67,,"INFORMATION ISOLÉE"
170110,1986/11/27,"5 h 57 min 52 sec","MARAIS POITEVIN (COURCON)",CHARENTES,,406073.29,6579341.49,46.25,-0.82,3.5,INCERTAINE
640485,1986/12/02,"21 h 11 min 3 sec","BEARN (S. OGEU-LES-BAINS)","PYRENEES OCCIDENTALES",,413498.77,6226830.19,43.08,-0.52,4,"ASSEZ SURE"
640486,1986/12/03,"2 h 14 min 25 sec","BEARN (ARAMITS)","PYRENEES OCCIDENTALES",,396035.03,6231342.55,43.12,-0.73,5,"ASSEZ SURE"
560047,1987/01/15,"14 h 21 min 16 sec","VANNETAIS (ETEL ?)",BRETAGNE,,235176.43,6747844.66,47.67,-3.20,,
640487,1987/03/03,"10 h 41 min 55 sec","BEARN (ARAMITS)","PYRENEES OCCIDENTALES",,401458.98,6231088.21,43.12,-0.67,4.5,"ASSEZ SURE"
490093,1987/03/05,"23 h 9 min 8 sec","SAUMUROIS (DOUE-LA-FONTAINE)",ANJOU,,452537.28,6677311.15,47.15,-0.27,4,INCERTAINE
230033,1987/04/29,"13 h 57 min 10 sec","HAUTE-MARCHE (SAGNAT)",LIMOUSIN,,590996.73,6580617.97,46.32,1.58,3,"ASSEZ SURE"
60145,1987/05/16,"6 h 5 min 52 sec","MONTAGNES DU HAUT-VAR (VALBERG-PEONE)","ALPES MARITIMES",,1010704.58,6342937.53,44.12,6.88,,
640488,1987/05/26,"16 h 32 min 58 sec","BEARN (W. ARTHEZ-D'ASSON)","PYRENEES OCCIDENTALES",,428269.38,6222479.48,43.05,-0.33,4.5,"ASSEZ SURE"
640489,1987/06/26,"17 h 13 min 40 sec","BEARN (S-W. ARTHEZ-S'ASSON)","PYRENEES OCCIDENTALES",,428425.79,6226182.33,43.08,-0.33,4,"ASSEZ SURE"
40184,1987/06/28,"2 h 12 min 53 sec","PREALPES DE DIGNE (BARLES)","ALPES PROVENCALES",,958048.01,6357244.93,44.27,6.23,4.5,"ASSEZ SURE"
680122,1987/07/18,"8 h 59 min 9 sec","PLAINE DE HAUTE-ALSACE (N. RANTZWILLER ?)",ALSACE,,1028794.23,6738714.99,47.67,7.38,3.5,INCERTAINE
730203,1987/07/27,"22 h 44 min 35 sec","TARENTAISE (NOTRE-DAME-DU-PRÃ‰)","ALPES SAVOYARDES",,980964.36,6497205.03,45.52,6.60,3,INCERTAINE
640531,1987/07/29,"21 h 43 min 39 sec","BEARN (ARETTE)","PYRENEES OCCIDENTALES",,397303.76,6229427.52,43.10,-0.72,4,"ASSEZ SURE"
740136,1987/08/03,"23 h 38 min 3 sec","FAUCIGNY (BONNEVILLE)","ALPES SAVOYARDES",,967803.25,6559607.62,46.08,6.47,4,INCERTAINE
880064,1987/08/16,"16 h 58 min 32 sec","VOSGES COMTOISES (LE VAL-D'AJOL)",VOSGES,,961107.22,6768707.41,47.97,6.50,3,"ASSEZ SURE"
640491,1987/11/05,"22 h 43 min 58 sec","BEARN (ACCOUS ?)","PYRENEES OCCIDENTALES",,411644.53,6215783.05,42.98,-0.53,4,INCERTAINE
640490,1987/11/11,"7 h 15 min 23 sec","BEARN (S-W. ARTHEZ-D'ASSON)","PYRENEES OCCIDENTALES",,433700.81,6222252.35,43.05,-0.27,4,"ASSEZ SURE"
650451,1987/11/12,"1 h 33 min 13 sec","LAVEDAN (W. ARGELES-GAZOST)","PYRENEES CENTRALES",,441848.38,6221920.27,43.05,-0.17,4,"ASSEZ SURE"
520039,1987/11/14,"17 h 5 min 52 sec","PLATEAU DE HAUTE-SAONE (BUSSIERES/BELMONT)",CHAMPAGNE,,888486.40,6743701.01,47.77,5.52,4,INCERTAINE
560048,1987/12/01,"12 h 8 min 10 sec","MONTAGNES NOIRES (LANGONNET)",BRETAGNE,,216541.40,6795793.90,48.08,-3.50,4,INCERTAINE
640532,1987/12/11,"21 h 6 min 6 sec","PAYS BASQUE (ST-MARTIN-D'ARROSSA)","PYRENEES OCCIDENTALES",,349293.27,6246714.41,43.23,-1.32,4,"ASSEZ SURE"
640492,1987/12/15,"7 h 35 min 28 sec","BEARN (AUDEJOS)","PYRENEES OCCIDENTALES",,409752.27,6264092.69,43.42,-0.58,4.5,"ASSEZ SURE"
170111,1988/02/05,"8 h 36 min 42 sec","SAINTONGE (SAUJON)",CHARENTES,,393870.49,6515083.16,45.67,-0.93,3.5,"INFORMATION ISOLÉE"
630089,1988/02/07,"21 h 49 min 6 sec","LIVRADOIS (N-E. ARLANC)",AUVERGNE,,759926.70,6483686.47,45.45,3.77,4,ARBITRAIRE
340029,1988/02/12,"19 h 32 min 2 sec","GARRIGUES (SOMMIERES)",CEVENNES,,784534.16,6298819.29,43.78,4.05,4,"ASSEZ SURE"
60146,1988/02/27,"18 h 9 min 50 sec","ALPES NICOISES (SOSPEL)","ALPES MARITIMES",,1055913.58,6323067.58,43.92,7.43,,
40185,1988/03/26,"12 h 17 min 10 sec","UBAYE (JAUSIERS)","ALPES PROVENCALES",,990338.21,6379039.26,44.45,6.65,4,"ASSEZ SURE"
530020,1988/05/11,"0 h 8 min 53 sec","BASSIN DE LAVAL (LA CHAPELLE-ANTHENAISE)",MAINE,,412466.07,6788482.02,48.13,-0.87,4,"ASSEZ SURE"
740137,1988/06/11,"22 h 44 min 47 sec","MASSIF DU MONT-BLANC (CHAMONIX)","ALPES SAVOYARDES",,1002258.06,6540834.69,45.90,6.90,5,INCERTAINE
640533,1988/09/02,"22 h 0 min 11 sec","PAYS BASQUE (IROULEGUY)","PYRENEES OCCIDENTALES",,350343.48,6241090.14,43.18,-1.30,4,"ASSEZ SURE"
60138,1988/09/06,"10 h 8 min 5 sec","ALPES NICOISES (ROQUEBILLIERE)","ALPES MARITIMES",,1027075.48,6336347.48,44.05,7.08,,
640534,1988/09/13,"19 h 0 min 31 sec","OSSAU (ARUDY)","PYRENEES OCCIDENTALES",,420364.17,6228382.75,43.10,-0.43,4,"ASSEZ SURE"
860047,1988/09/21,"17 h 13 min 11 sec","BRANDES DU HAUT-POITOU (ST-GEORGES-LES-BLGX.)",POITOU,,501252.03,6621781.98,46.67,0.40,3.5,INCERTAINE
50097,1988/09/29,"15 h 13 min 43 sec","BRIANCONNAIS (ST-CHAFFREY)","ALPES DAUPHINOISES",,982603.39,6432427.95,44.93,6.58,3.5,INCERTAINE
230034,1988/10/01,"0 h 27 min 42 sec","HAUTE-MARCHE (AZERABLES)",LIMOUSIN,,582093.01,6584486.68,46.35,1.47,3,"ASSEZ SURE"
230035,1988/10/01,"0 h 32 min 55 sec","HAUTE-MARCHE (AZERABLES ?)",LIMOUSIN,REPLIQUE,582093.01,6584486.68,46.35,1.47,,
50098,1988/10/06,"22 h 42 min 42 sec","QUEYRAS (CEILLAC)","ALPES DAUPHINOISES",,999783.45,6403578.61,44.67,6.78,4,"INFORMATION ISOLÉE"
640516,1988/10/07,"3 h 48 min 20 sec","BEARN (ISSOR)","PYRENEES OCCIDENTALES",,401200.93,6225535.03,43.07,-0.67,4,"ASSEZ SURE"
90034,1988/10/19,"2 h 11 min 15 sec","COUSERANS (SALAU)","PYRENEES CENTRALES",,551108.40,6185095.46,42.75,1.18,3.5,"INFORMATION ISOLÉE"
730206,1988/10/29,"21 h 3 min 18 sec","MAURIENNE (EPIERRE)","ALPES SAVOYARDES",,957874.24,6488784.87,45.45,6.30,4,"INFORMATION ISOLÉE"
650487,1988/11/24,"17 h 53 min 46 sec","BIGORRE (ST-CREAC ?)","PYRENEES CENTRALES",,454070.52,6221441.48,43.05,-0.02,4,"ASSEZ SURE"
170112,1988/12/06,"21 h 38 min 58 sec","AUNIS (AIGREFEUILLE)",CHARENTES,,396358.74,6564993.95,46.12,-0.93,3,"INFORMATION ISOLÉE"
640517,1988/12/19,"6 h 5 min 30 sec","BEARN (S. LANNE)","PYRENEES OCCIDENTALES",,392881.23,6222216.49,43.03,-0.77,5,"ASSEZ SURE"
130126,1989/01/06,"13 h 14 min","BASSE-PROVENCE (GREASQUE)",PROVENCE,,906523.59,6262693.31,43.43,5.55,,"INFORMATION ISOLÉE"
130127,1989/01/06,"20 h 51 min","BASSE-PROVENCE (GREASQUE)",PROVENCE,,906523.59,6262693.31,43.43,5.55,,"INFORMATION ISOLÉE"
650473,1989/01/06,"19 h 33 min 9 sec","BIGORRE (CAMPAN)","PYRENEES CENTRALES",,471332.10,6209678.68,42.95,0.20,5.5,SURE
130128,1989/01/17,"20 h 18 min","BASSIN D'AIX-EN-PROVENCE (MEYREUIL)",PROVENCE,,902299.55,6268118.61,43.48,5.50,,
130129,1989/01/19,"1 h 42 min","BASSE-PROVENCE (GREASQUE)",PROVENCE,,906523.59,6262693.31,43.43,5.55,,"INFORMATION ISOLÉE"
130130,1989/01/25,"21 h 28 min","BASSIN D'AIX-EN-PROVENCE (MEYREUIL)",PROVENCE,,902299.55,6268118.61,43.48,5.50,,
490094,1989/02/04,"14 h 19 min 9 sec","MAUGES (BEGROLLES)",ANJOU,,403242.50,6677701.73,47.13,-0.92,4,"ASSEZ SURE"
40187,1989/02/05,"2 h 8 min 4 sec","PREALPES DE DIGNE (PRADS-HAUTE-BLEONE)","ALPES PROVENCALES",PRECURSEUR,975571.89,6352427.11,44.22,6.45,,"INFORMATION ISOLÉE"
40186,1989/02/12,"3 h 52 min 4 sec","PREALPES DE DIGNE (LA JAVIE)","ALPES PROVENCALES",,968919.67,6352139.80,44.22,6.37,4,"ASSEZ SURE"
40188,1989/02/12,"0 h 48 min 34 sec","PREALPES DE DIGNE (VERDACHES)","ALPES PROVENCALES",PRECURSEUR,966024.21,6357576.77,44.27,6.33,,"INFORMATION ISOLÉE"
170113,1989/02/13,"17 h 32 min 50 sec","ILE D'OLERON",CHARENTES,,368261.38,6546070.28,45.93,-1.28,4,"ASSEZ SURE"
170114,1989/02/14,"0 h 47 min 2 sec","ILE D'OLERON",CHARENTES,,376194.94,6549351.62,45.97,-1.18,4,"ASSEZ SURE"
640518,1989/02/25,"2 h 55 min 18 sec","BEARN (ARTHEZ-DE-BEARN)","PYRENEES OCCIDENTALES",,408740.90,6271556.46,43.48,-0.60,4,"ASSEZ SURE"
640521,1989/03/05,"20 h 51 min 40 sec","BEARN (BESINGRAND)","PYRENEES OCCIDENTALES",PRECURSEUR,410850.33,6258479.39,43.37,-0.57,,"INFORMATION ISOLÉE"
640519,1989/03/10,"13 h 52 min 24 sec","BEARN (BESINGRAND)","PYRENEES OCCIDENTALES",,408318.75,6262303.39,43.40,-0.60,4,"ASSEZ SURE"
640520,1989/03/10,"21 h 16 min 50 sec","BEARN (BESINGRAND)","PYRENEES OCCIDENTALES",REPLIQUE,408318.75,6262303.39,43.40,-0.60,,
730204,1989/03/11,"18 h 42 min 50 sec","BEAUFORTIN (N. BOURG-SAINT-MAURICE)","ALPES SAVOYARDES",,987722.94,6519751.83,45.72,6.70,4,INCERTAINE
650472,1989/03/21,"5 h 16 min 58 sec","BIGORRE (S-E. GAZOST)","PYRENEES CENTRALES",,460654.56,6215629.87,43.00,0.07,4,"ASSEZ SURE"
250034,1989/04/30,"3 h 38 min 2 sec","AVANT-PAYS JURASSIEN (FROIDEVAUX)",FRANCHE-COMTE,,979486.32,6695402.64,47.30,6.70,4.5,"ASSEZ SURE"
30035,1989/05/03,"7 h 44 min 11 sec","HAUTE-MARCHE (LA CHAPELAUDE)",BOURBONNAIS,,661573.34,6587165.26,46.38,2.50,4,"ASSEZ SURE"
640522,1989/05/30,"6 h 28 min 10 sec","OSSAU (ARUDY)","PYRENEES OCCIDENTALES",,429782.80,6226125.15,43.08,-0.32,5,"ASSEZ SURE"
1150074,1989/08/21,"6 h 52 min 59 sec","ATLANTIQUE (W. ILE DE OUESSANT)",BRETAGNE,,61027.49,6857295.28,48.50,-5.67,,
680123,1989/09/03,"15 h 9 min 46 sec","PLAINE DE HAUTE-ALSACE (SOPPE-LE-HAUT)",ALSACE,,1005929.15,6744905.39,47.73,7.08,4,"ASSEZ SURE"
1130499,1989/12/26,"20 h 0 min 0 sec","MEDITERRANEE (S. NICE)","ALPES MARITIMES",,1054061.71,6284007.92,43.57,7.38,5,ARBITRAIRE
730205,1990/01/20,"19 h 25 min 22 sec","MAURIENNE (LANSLEBOURG-MONT-CENIS)","ALPES SAVOYARDES",,1005639.08,6472435.59,45.28,6.90,3.5,"ASSEZ SURE"
640523,1990/02/11,"20 h 13 min 2 sec","BEARN (S-W. ARTHEZ-D'ASSON)","PYRENEES OCCIDENTALES",,435058.74,6222196.29,43.05,-0.25,4,SURE
640524,1990/02/28,"13 h 23 min 44 sec","PAYS BASQUE (S.E. LARRAU)","PYRENEES OCCIDENTALES",,383194.11,6218975.45,43.00,-0.88,4,"ASSEZ SURE"
640525,1990/03/27,"3 h 32 min 13 sec","BEARN (ARETTE)","PYRENEES OCCIDENTALES",,398573.38,6227512.71,43.08,-0.70,5,"ASSEZ SURE"
640526,1990/03/27,"10 h 41 min 10 sec","BEARN (ARETTE)","PYRENEES OCCIDENTALES",REPLIQUE,398573.38,6227512.71,43.08,-0.70,,
880076,1990/05/14,"21 h 42 min 35 sec","HAUTES-VOSGES (GERARDMER)",VOSGES,,977976.58,6780604.60,48.07,6.73,3.5,"ASSEZ SURE"
360033,1990/06/02,"14 h 33 min 12 sec","MARCHE-BOISCHAUT (ARGENTON-SUR-CREUSE)",BERRY,,591428.40,6604675.80,46.53,1.58,5,"ASSEZ SURE"
640527,1990/06/12,"18 h 48 min 58 sec","BEARN (S-W. ARTHEZ-D'ASSON)","PYRENEES OCCIDENTALES",,428269.38,6222479.48,43.05,-0.33,5,"ASSEZ SURE"
650474,1990/10/16,"14 h 25 min 31 sec","LAVEDAN (ARGELES-GAZOST)","PYRENEES CENTRALES",,449924.42,6219746.72,43.03,-0.07,4,SURE
650475,1990/10/16,"21 h 7 min 42 sec","LAVEDAN (ARGELES-GAZOST)","PYRENEES CENTRALES",REPLIQUE,449924.42,6219746.72,43.03,-0.07,,
640528,1990/10/31,"6 h 46 min 48 sec","BEARN (LACQ)","PYRENEES OCCIDENTALES",,408487.61,6266004.67,43.43,-0.60,5,SURE
640529,1990/11/02,"21 h 25 min 27 sec","BEARN (ISSOR)","PYRENEES OCCIDENTALES",,399930.20,6227449.23,43.08,-0.68,5,SURE
40190,1990/11/09,"10 h 59 min 2 sec","PLATEAU DE VALENSOLE (MOUSTIERS-STE-MARIE)","ALPES PROVENCALES",,964114.59,6307453.35,43.82,6.28,4,"ASSEZ SURE"
880065,1990/11/12,"14 h 4 min 6 sec","HAUTES-VOSGES (LE SYNDICAT)",VOSGES,,978064.12,6778754.52,48.05,6.73,,
880066,1990/11/12,"15 h 59 min 59 sec","HAUTES-VOSGES (LE SYNDICAT)",VOSGES,,974515.49,6774879.55,48.02,6.68,,"INFORMATION ISOLÉE"
880067,1990/11/14,"2 h 35 min 43 sec","HAUTES-VOSGES (RUPT-SUR-MOSELLE)",VOSGES,,976017.01,6769387.64,47.97,6.70,4,"ASSEZ SURE"
880068,1990/11/14,"14 h 18 min 9 sec","HAUTES-VOSGES (LE SYNDICAT)",VOSGES,,974515.49,6774879.55,48.02,6.68,,"INFORMATION ISOLÉE"
880069,1990/11/15,"2 h 31 min 5 sec","HAUTES-VOSGES (LE SYNDICAT)",VOSGES,,976998.02,6774995.96,48.02,6.72,,
880070,1990/11/15,"4 h 43 min 42 sec","HAUTES-VOSGES (GERBAMONT)",VOSGES,,979568.34,6773263.42,48.00,6.75,,"INFORMATION ISOLÉE"
880071,1990/11/18,"15 h 3 min 5 sec","HAUTES-VOSGES (LE SYNDICAT)",VOSGES,,974515.49,6774879.55,48.02,6.68,,"INFORMATION ISOLÉE"
880072,1990/11/26,"13 h 8 min 41 sec","HAUTES-VOSGES (LE SYNDICAT)",VOSGES,,974515.49,6774879.55,48.02,6.68,,"INFORMATION ISOLÉE"
640537,1991/02/08,"18 h 35 min 57 sec","BEARN (S. BARCUS)","PYRENEES OCCIDENTALES",,392233.40,6237088.87,43.17,-0.78,4,SURE
50099,1991/02/11,"15 h 43 min 45 sec","BRIANCONNAIS (BRIANCON)","ALPES DAUPHINOISES",,989600.59,6423483.98,44.85,6.67,6,"ASSEZ SURE"
50100,1991/02/13,"12 h 54 min 44 sec","BRIANCONNAIS (BRIANCON)","ALPES DAUPHINOISES",REPLIQUE,989514.66,6425333.18,44.87,6.67,,
640538,1991/04/01,"23 h 47 min 47 sec","PAYS BASQUE (IDAUX-MENDY)","PYRENEES OCCIDENTALES",,381487.56,6239468.28,43.18,-0.92,4.5,SURE
640539,1991/04/02,"0 h 3 min 48 sec","PAYS BASQUE (IDAUX-MENDY)","PYRENEES OCCIDENTALES",REPLIQUE,381487.56,6239468.28,43.18,-0.92,,
230036,1991/05/22,"13 h 41 min 12 sec","HAUTE-MARCHE (MORTROUX)",LIMOUSIN,PRECURSEUR,614182.72,6587650.41,46.38,1.88,4,SURE
230037,1991/06/09,"0 h 34 min 3 sec","HAUTE-MARCHE (MORTROUX)",LIMOUSIN,,614182.72,6587650.41,46.38,1.88,4,"ASSEZ SURE"
230038,1991/06/09,"0 h 43 min 23 sec","HAUTE-MARCHE (MORTROUX)",LIMOUSIN,REPLIQUE,607807.08,6589595.07,46.40,1.80,,
490097,1991/12/06,"19 h 34 min 4 sec","VAL D'ANJOU (LA BREILLE-LES-PINS)",ANJOU,,479790.39,6696623.55,47.33,0.08,4,SURE
490098,1991/12/07,"5 h 18 min 35 sec","VAL D'ANJOU (MONTSOREAU)",ANJOU,,474339.87,6685711.44,47.23,0.02,,
620017,1991/12/14,"13 h 30 min 56 sec","BOULONNAIS (LONGUEVILLE)",FLANDRE-ARTOIS,,619817.50,7069457.54,50.72,1.87,5,"ASSEZ SURE"
40192,1992/01/02,"2 h 12 min 28 sec","UBAYE (LE LAUZET)","ALPES PROVENCALES",,973195.18,6376416.48,44.43,6.43,4,"ASSEZ SURE"
170115,1992/01/25,"4 h 13 min 19 sec","PERTUIS BRETON (N. ST-MARTIN-DE-RE)",CHARENTES,,361296.52,6583526.68,46.27,-1.40,5,"ASSEZ SURE"
640541,1992/01/26,"10 h 0 min 48 sec","BEARN (LACQ)","PYRENEES OCCIDENTALES",PRECURSEUR,408149.88,6258602.03,43.37,-0.60,,"INFORMATION ISOLÉE"
640540,1992/02/03,"8 h 16 min 10 sec","BEARN (LACQ)","PYRENEES OCCIDENTALES",,408318.75,6262303.39,43.40,-0.60,5,"ASSEZ SURE"
1140117,1992/03/19,"18 h 53 min 20 sec","CERDAGNE (PUIGCERDA)",ESPAGNE,,616192.90,6146843.92,42.42,1.98,4,"ASSEZ SURE"
640542,1992/07/30,"0 h 15 min 6 sec","BEARN (LACQ)","PYRENEES OCCIDENTALES",,408234.32,6260452.66,43.38,-0.60,5,SURE
10036,1992/12/28,"3 h 14 min 44 sec","BUGEY (N-W. BELLEY)","BRESSE ET JURA BRESSAN",,898094.60,6523611.79,45.78,5.55,4.5,"ASSEZ SURE"
440073,1993/03/13,"11 h 36 min 17 sec","PRESQU'ILE GUERANDAISE (ST-MOLF)","PAYS NANTAIS ET VENDEEN",,290138.74,6708514.18,47.35,-2.43,5.5,SURE
440074,1993/03/13,"11 h 38 min 40 sec","PRESQU'ILE GUERANDAISE (ST-MOLF)","PAYS NANTAIS ET VENDEEN",REPLIQUE,290138.74,6708514.18,47.35,-2.43,,
650492,1993/05/27,"6 h 12 min 9 sec","BIGORRE (BAGNERES-DE-BIGORRE)","PYRENEES CENTRALES",,462013.80,6215579.50,43.00,0.08,5,"ASSEZ SURE"
640543,1993/06/07,"7 h 19 min 31 sec","BEARN (LACQ)","PYRENEES OCCIDENTALES",,412450.39,6263970.74,43.42,-0.55,4.5,SURE
650489,1993/11/17,"17 h 50 min 57 sec","BIGORRE (S-E. GAZOST)","PYRENEES CENTRALES",,460516.90,6211926.02,42.97,0.07,4.5,INCERTAINE
790040,1993/12/12,"2 h 58 min 55 sec","VALLEE DU LAYON (CLERE)",ANJOU,,440860.82,6670394.01,47.08,-0.42,5,SURE
380115,1994/02/03,"3 h 46 min 1 sec","LAC D'AIGUEBELETTE","ALPES SAVOYARDES",,915892.13,6496432.55,45.53,5.77,5,SURE
640544,1994/02/13,"10 h 28 min 12 sec","BEARN (ARETTE)","PYRENEES OCCIDENTALES",,391878.41,6229685.37,43.10,-0.78,5,"ASSEZ SURE"
650493,1994/03/03,"4 h 2 min 7 sec","LAVEDAN (ARGELES-GAZOST)","PYRENEES CENTRALES",,451211.32,6217842.38,43.02,-0.05,4,SURE
110014,1994/05/25,"3 h 35 min 37 sec","CORBIERES (LEZIGNAN)",LANGUEDOC,,675607.44,6235319.48,43.22,2.70,4.5,"ASSEZ SURE"
110015,1994/06/15,"3 h 29 min 39 sec","CORBIERES (QUILLAN)",LANGUEDOC,,622357.26,6202384.48,42.92,2.05,4.5,"ASSEZ SURE"
110016,1994/06/15,"4 h 46 min 3 sec","CORBIERES (QUILLAN)",LANGUEDOC,REPLIQUE,622357.26,6202384.48,42.92,2.05,,
650495,1994/07/02,"17 h 42 min 50 sec","BIGORRE (CAMPAN)","PYRENEES CENTRALES",,470235.90,6217135.32,43.02,0.18,3.5,"ASSEZ SURE"
730219,1994/08/01,"21 h 39 min 28 sec","PELVOUX (ST-JEAN-D'ARVES)","ALPES SAVOYARDES",,956419.24,6460936.16,45.20,6.27,4,"INFORMATION ISOLÉE"
40193,1994/11/24,"21 h 17 min 36 sec","HAUT-VERDON (ROUGON)","ALPES PROVENCALES",,972074.51,6309643.22,43.83,6.38,4,"ASSEZ SURE"
1150081,1994/11/30,"16 h 31 min 21 sec","PLAINE DE CAEN (N. COURSEULLES)",NORMANDIE,,449257.02,6920341.20,49.33,-0.45,4.5,INCERTAINE
740150,1994/12/14,"8 h 56 min 0 sec","GENEVOIS (LES VILLARDS-SUR-THONES)","ALPES SAVOYARDES",,960871.80,6540781.85,45.92,6.37,6,SURE
640545,1995/02/12,"15 h 31 min 6 sec","BEARN (ASSON)","PYRENEES OCCIDENTALES",,435363.73,6229602.32,43.12,-0.25,4.5,"ASSEZ SURE"
790042,1995/03/21,"3 h 35 min 38 sec","BOCAGE VENDEEN (LES AUBIERS)",POITOU,,423757.73,6656333.99,46.95,-0.63,4,"ASSEZ SURE"
60144,1995/03/31,"3 h 34 min 39 sec","ALPES NICOISES (VALDEBLORE)","ALPES MARITIMES",,1036313.38,6338686.85,44.07,7.20,3,"INFORMATION ISOLÉE"
740151,1995/08/02,"3 h 5 min 18 sec","AVANT-PAYS SAVOYARD (SILLINGY)","ALPES SAVOYARDES",,934914.10,6543433.99,45.95,6.03,4,"ASSEZ SURE"
740152,1995/08/21,"19 h 32 min 15 sec","AVANT-PAYS SAVOYARD (SILLINGY)","ALPES SAVOYARDES",,934914.10,6543433.99,45.95,6.03,3.5,"INFORMATION ISOLÉE"
730220,1995/09/04,"17 h 2 min 55 sec","BAUGES (JARSY)","ALPES SAVOYARDES",,947867.31,6510603.12,45.65,6.18,4,"ASSEZ SURE"
730221,1995/09/04,"21 h 1 min 41 sec","BAUGES (AILLON)","ALPES SAVOYARDES",,940229.43,6506595.27,45.62,6.08,4,"ASSEZ SURE"
230039,1995/09/15,"18 h 24 min 25 sec","HAUTE-MARCHE (LA SOUTERRAINE ?)",LIMOUSIN,,583125.56,6571508.16,46.23,1.48,3.5,"ASSEZ SURE"
670144,1995/10/03,"4 h 43 min 9 sec","PLAINE DE BASSE-ALSACE (ANDLAU)",ALSACE,,1026943.38,6816519.48,48.37,7.42,5,"ASSEZ SURE"
40202,1995/10/13,"22 h 7 min 44 sec","UBAYE (LA CONDAMINE-CHATELARD)","ALPES PROVENCALES",,998286.78,6379411.99,44.45,6.75,,
640546,1996/01/06,"2 h 36 min 52 sec","BEARN (ARTHEZ-D'ASSON)","PYRENEES OCCIDENTALES",,436492.54,6223992.10,43.07,-0.23,4,"ASSEZ SURE"
640547,1996/01/06,"3 h 14 min 24 sec","BEARN (LYS)","PYRENEES OCCIDENTALES",,427383.07,6233645.23,43.15,-0.35,5,"ASSEZ SURE"
640548,1996/01/14,"12 h 19 min 17 sec","BEARN (LACQ)","PYRENEES OCCIDENTALES",,404184.88,6260638.70,43.38,-0.65,4,SURE
640549,1996/01/14,"17 h 11 min 55 sec","BEARN (LACQ)","PYRENEES OCCIDENTALES",,407054.12,6264215.79,43.42,-0.62,4,"ASSEZ SURE"
640550,1996/01/24,"1 h 14 min 15 sec","BEARN (LACQ)","PYRENEES OCCIDENTALES",,401571.74,6262614.78,43.40,-0.68,4,"ASSEZ SURE"
640551,1996/02/01,"5 h 0 min 48 sec","BEARN (ARBEOST)","PYRENEES OCCIDENTALES",,430907.65,6220513.79,43.03,-0.30,4,"ASSEZ SURE"
60154,1996/02/12,"16 h 31 min 53 sec","ALPES NICOISES (L'ESCARENE)","ALPES MARITIMES",,1051283.61,6309824.94,43.80,7.37,4,"ASSEZ SURE"
40201,1996/02/18,"4 h 16 min 35 sec","QUEYRAS (CERVIERES)","ALPES DAUPHINOISES",,992491.51,6418059.34,44.80,6.70,5.5,"ASSEZ SURE"
660095,1996/02/18,"1 h 45 min 46 sec","FENOUILLEDES (ST-PAUL-DE-FENOUILLET)","PYRENEES ORIENTALES",,664471.48,6181626.45,42.73,2.57,6,SURE
300029,1996/03/25,"4 h 27 min 31 sec","COTES DU RHONE (ROCHEFORT-DU-GARD)",CEVENNES,,833784.35,6318189.40,43.95,4.67,3.5,"ASSEZ SURE"
110017,1996/03/29,"11 h 45 min 11 sec","LITTORAL LANGUEDOCIEN (PORT-LA-NOUVELLE)",LANGUEDOC,,701360.26,6211183.85,43.00,3.02,4,"ASSEZ SURE"
60155,1996/04/18,"5 h 31 min 41 sec","ALPES NICOISES (ISOLA)","ALPES MARITIMES",,1016901.66,6352515.79,44.20,6.97,4,"ASSEZ SURE"
740153,1996/07/15,"0 h 13 min 31 sec","AVANT-PAYS SAVOYARD (EPAGNY-ANNECY)","ALPES SAVOYARDES",,938928.86,6539885.15,45.92,6.08,7,SURE
740154,1996/07/23,"4 h 8 min 42 sec","AVANT-PAYS SAVOYARD (EPAGNY-ANNECY)","ALPES SAVOYARDES",REPLIQUE,938928.86,6539885.15,45.92,6.08,5,SURE
660096,1996/08/15,"17 h 39 min 16 sec","FENOUILLEDES (ST-PAUL-DE-FENOUILLET)","PYRENEES ORIENTALES",REPLIQUE,654944.94,6187246.68,42.78,2.45,4,"ASSEZ SURE"
640552,1996/08/24,"14 h 33 min 22 sec","PAYS BASQUE (ESPELETTE)","PYRENEES OCCIDENTALES",,336502.78,6260417.36,43.35,-1.48,3.5,"ASSEZ SURE"
60156,1996/10/17,"15 h 21 min 39 sec","ALPES NICOISES (BREIL-SUR-ROYA)","ALPES MARITIMES",,1065162.87,6325449.15,43.93,7.55,3.5,INCERTAINE
60157,1996/11/24,"0 h 27 min 9 sec","ALPES NICOISES (LA BRIGUE)","ALPES MARITIMES",,1069641.52,6340549.44,44.07,7.62,3.5,"INFORMATION ISOLÉE"
500052,1996/11/26,"20 h 21 min 35 sec","AVRANCHIN (GENETS)",NORMANDIE,,371244.75,6850023.28,48.67,-1.47,4.5,INCERTAINE
160048,1996/12/01,"11 h 52 min 46 sec","ANGOUMOIS (XAMBES)",CHARENTES,,476224.25,6530051.49,45.83,0.12,5,"ASSEZ SURE"
660097,1996/12/16,"11 h 35 min 41 sec","FENOUILLEDES (ST-PAUL-DE-FENOUILLET)","PYRENEES ORIENTALES",REPLIQUE,659052.54,6189072.99,42.80,2.50,4.5,"ASSEZ SURE"
850055,1997/01/12,"1 h 24 min 1 sec","BOCAGE VENDEEN (BESSAY)","PAYS NANTAIS ET VENDEEN",,383450.99,6613839.66,46.55,-1.13,5,"ASSEZ SURE"
680131,1997/02/01,"14 h 1 min 59 sec","PLAINE DE HAUTE-ALSACE (RIXHEIM)",ALSACE,,1027136.00,6746041.17,47.73,7.37,4,SURE
60172,1997/06/26,"6 h 8 min 35 sec","ALPES NICOISES (LANTOSQUE)","ALPES MARITIMES",,1044716.20,6331721.44,44.00,7.30,5,SURE
60173,1997/06/26,"8 h 6 min 6 sec","ALPES NICOISES (LANTOSQUE)","ALPES MARITIMES",REPLIQUE,1046051.00,6331794.34,44.00,7.32,,
310036,1997/07/02,"3 h 20 min 5 sec","HAUT-COMMINGES (ST-BEAT)","PYRENEES CENTRALES",,515390.44,6178598.26,42.68,0.75,4,"ASSEZ SURE"
60174,1997/07/04,"12 h 8 min 39 sec","ALPES NICOISES (LANTOSQUE)","ALPES MATITIMES",REPLIQUE,1046152.19,6329945.19,43.98,7.32,,"INFORMATION ISOLÉE"
790043,1997/09/30,"3 h 5 min 1 sec","MELLOIS (POUFFONDS)",POITOU,,461233.15,6576924.10,46.25,-0.10,4,INCERTAINE
40205,1997/10/03,"15 h 3 min 36 sec","PREALPES DE DIGNE (SEYNE-LES-ALPES)","ALPES PROVENCALES",,966960.92,6366882.55,44.35,6.35,3,"INFORMATION ISOLÉE"
40203,1997/10/31,"4 h 23 min 44 sec","PREALPES DE DIGNE (PRADS-HAUTE-BLEONE)","ALPES PROVENCALES",,976821.06,6354335.20,44.23,6.47,6,"ASSEZ SURE"
40204,1997/10/31,"7 h 15 min 20 sec","PREALPES DE DIGNE (PRADS-HAUTE-BLEONE)","ALPES PROVENCALES",REPLIQUE,976821.06,6354335.20,44.23,6.47,,
640555,1997/12/04,"22 h 51 min 47 sec","BEARN (LACQ)","PYRENEES OCCIDENTALES",,405619.92,6262427.09,43.40,-0.63,5.5,"ASSEZ SURE"
640556,1997/12/06,"20 h 33 min 1 sec","BEARN (LAGOR)","PYRENEES OCCIDENTALES",,401658.13,6264465.39,43.42,-0.68,5,"ASSEZ SURE"
570020,1998/01/05,"4 h 47 min 54 sec","BASSIN SARROIS (BETTING-LES- SAINT-AVOLD)",LORRAINE,,978536.72,6897494.81,49.12,6.82,4.5,"ASSEZ SURE"
850056,1998/01/24,"19 h 19 min 44 sec","BOCAGE VENDEEN (LA ROCHE-SUR-YON)","PAYS NANTAIS ET VENDEEN",,362394.78,6626102.80,46.65,-1.42,3,"ASSEZ SURE"
840103,1998/02/09,"14 h 16 min 56 sec","COMTAT (MORIERES-LES-AVIGNON)",VAUCLUSE,,852466.17,6320463.81,43.97,4.90,,
130134,1998/02/18,"3 h 30 min","BASSE-PROVENCE (W. MIMET)",PROVENCE,,899776.71,6262478.92,43.43,5.47,3.5,"ASSEZ SURE"
650496,1998/03/14,"5 h 37 min 22 sec","BIGORRE (CAMPAN)","PYRENEES CENTRALES",,479368.85,6205689.85,42.92,0.30,4,"ASSEZ SURE"
560052,1998/06/11,"17 h 52 min 19 sec","VANNETAIS (VANNES)",BRETAGNE,,265381.00,6749259.18,47.70,-2.80,3.5,"ASSEZ SURE"
650497,1998/11/28,"13 h 32 min 7 sec","LAVEDAN (W. ARGELES-GAZOST)","PYRENEES CENTRALES",,441848.38,6221920.27,43.05,-0.17,5,SURE
640557,1998/12/01,"23 h 47 min 58 sec","BEARN (BARCUS)","PYRENEES OCCIDENTALES",,396122.60,6233193.41,43.13,-0.73,3,"ASSEZ SURE"
640558,1998/12/29,"12 h 24 min 19 sec","PAYS BASQUE (N. LARRAU)","PYRENEES OCCIDENTALES",,378037.85,6224797.75,43.05,-0.95,4,"ASSEZ SURE"
380117,1999/01/11,"3 h 36 min 37 sec","DRAC (ST-GEORGES-DE-COMMIERS)",DAUPHINE,,915085.67,6444546.31,45.07,5.73,5.5,SURE
640561,1999/02/16,"1 h 50 min","PAYS BASQUE (UREPEL)","PYRENEES OCCIDENTALES",,344415.81,6232136.94,43.10,-1.37,5,"ASSEZ SURE"
640559,1999/06/11,"2 h 8 min 19 sec","BEARN (MENDITTE)","PYRENEES OCCIDENTALES",,381303.82,6235766.99,43.15,-0.92,4,SURE
640560,1999/06/11,"11 h 47 min 58 sec","BEARN (ASASP-ARROS)","PYRENEES OCCIDENTALES",,407052.13,6234540.54,43.15,-0.60,5,SURE
380116,1999/09/13,"23 h 27 min 11 sec","BAS-PLATEAUX DAUPHINOIS (BIOL)",DAUPHINE,,888872.81,6486286.02,45.45,5.42,4.5,"ASSEZ SURE"
370031,1999/10/03,"20 h 3 min 34 sec","PAYS LOCHOIS",TOURAINE,,556218.61,6681326.72,47.22,1.10,4,SURE
310037,1999/10/04,"18 h 14 min 26 sec","HAUT-COMMINGES (CIERP)","PYRENEES CENTRALES",,506654.04,6206668.36,42.93,0.63,6,SURE
60158,1999/11/01,"17 h 22 min 35 sec","ALPES NICOISES (PEILLE)","ALPES MARITIMES",,1052622.96,6309899.22,43.80,7.38,5,"ASSEZ SURE"
240004,2000/02/23,"15 h 46 min 40 sec","RIBERACOIS (CHAMPAGNE-ET-FONTAINE)",AQUITAINE,,495317.86,6481234.51,45.40,0.38,5,SURE
640562,2000/03/13,"4 h 16 min 8 sec","PAYS BASQUE (LOHITZUN-OYHERCQ)","PYRENEES OCCIDENTALES",,382038.76,6250571.66,43.28,-0.92,5,SURE
570021,2000/06/14,"2 h 25 min 21 sec","BASSIN SARROIS (HAM-SOUS-VARSBERG)",LORRAINE,,962397.92,6904159.49,49.18,6.60,4.5,"ASSEZ SURE"
740155,2000/08/19,"8 h 37 min 26 sec","FAUCIGNY (MAGLAND)","ALPES SAVOYARDES",,982127.11,6556548.13,46.05,6.65,4.5,SURE
60170,2000/12/19,"14 h 20 min 50 sec","ALPES NICOISES (LA TRINITE)","ALPES MARITIMES",,1048807.89,6305978.60,43.77,7.33,4,SURE
60171,2000/12/20,"5 h 45 min 15 sec","ALPES NICOISES (CONTES)","ALPES MARITIMES",REPLIQUE,1049842.19,6311600.24,43.82,7.35,3.5,"ASSEZ SURE"
1130568,2001/02/25,"18 h 34 min 44 sec","MEDITERRANEE (S-E NICE)","ALPES MARITIMES",,1044447.28,6287191.03,43.60,7.27,5.5,INCERTAINE
570022,2001/03/16,"10 h 13 min 55 sec","BASSIN SARROIS (FORBACH)",LORRAINE,,980786.72,6901315.93,49.15,6.85,4.5,"ASSEZ SURE"
790045,2001/04/05,"17 h 26 min 59 sec","MELLOIS (SEPVRET)",POITOU,,464014.80,6582372.27,46.30,-0.07,5,SURE
850058,2001/06/08,"13 h 26 min 53 sec","BOCAGE VENDEEN (CHANTONNAY)","PAYS NANTAIS ET VENDEEN",,386673.93,6626645.90,46.67,-1.10,5,SURE
570023,2001/06/21,"19 h 55 min 49 sec","BASSIN SARROIS (ROSBRUCK)",LORRAINE,,980786.72,6901315.93,49.15,6.85,5.5,"ASSEZ SURE"
170117,2001/06/25,"6 h 49 min 18 sec","ILE D'OLERON",CHARENTES,,369450.92,6544152.34,45.92,-1.27,4,INCERTAINE
40207,2001/07/01,"19 h 37 min 25 sec","UBAYE (LARCHE)","ALPES PROVENCALES",,1006234.87,6379794.78,44.45,6.85,3.5,"INFORMATION ISOLÉE"
640563,2001/12/12,"12 h 10 min 52 sec","PAYS BASQUE (E. MENDIVE)","PYRENEES OCCIDENTALES",,371818.94,6236244.87,43.15,-1.03,4.5,"ASSEZ SURE"
120017,2002/02/18,"6 h 11 min 44 sec","LEVEZOU (N-W. MILLAU)",QUERCY-ROUERGUE,,695999.07,6337148.78,44.13,2.95,4.5,"ASSEZ SURE"
850060,2002/03/14,"13 h 32 min 47 sec","BOCAGE VENDEEN (BOURNEZEAU)","PAYS NANTAIS ET VENDEEN",,382564.67,6621300.25,46.62,-1.15,4,SURE
290040,2002/04/23,"6 h 45 min 38 sec","CORNOUAILLE (MELGVEN)",BRETAGNE,,185247.36,6779868.50,47.92,-3.90,4,SURE
650500,2002/05/16,"14 h 56 min 35 sec","LAVEDAN (AUCUN)","PYRENEES CENTRALES",,440117.03,6212716.53,42.97,-0.18,6,"ASSEZ SURE"
650501,2002/05/16,"15 h 14 min 46 sec","LAVEDAN (SIREIX)","PYRENEES CENTRALES",,444343.84,6216256.76,43.00,-0.13,5,SURE
370032,2002/08/06,"17 h 25 min 14 sec","VALLEE DE LA LOIRE (LANGEAIS)",TOURAINE,,506325.94,6699406.93,47.37,0.43,4,SURE
640564,2002/09/05,"20 h 42 min 16 sec","OSSAU (ARUDY)","PYRENEES OCCIDENTALES",,421800.88,6230175.21,43.12,-0.42,5,SURE
560053,2002/09/30,"6 h 44 min 48 sec","VANNETAIS (HENNEBONT-BRANDERION)",BRETAGNE,,235240.19,6764557.06,47.82,-3.22,5.5,SURE
560054,2002/09/30,"6 h 50 min 54 sec","VANNETAIS (HENNEBONT-BRANDERION)",BRETAGNE,REPLIQUE,236338.40,6762612.94,47.80,-3.20,,
560055,2002/09/30,"7 h 3 min 38 sec","VANNETAIS (HENNEBONT-BRANDERION)",BRETAGNE,REPLIQUE,236338.40,6762612.94,47.80,-3.20,,
560056,2002/09/30,"10 h 6 min 50 sec","VANNETAIS (HENNEBONT-BRANDERION)",BRETAGNE,REPLIQUE,236338.40,6762612.94,47.80,-3.20,,
650499,2002/12/09,"13 h 44 min 54 sec","BIGORRE (BAGNERES-DE-BIGORRE)","PYRENEES CENTRALES",,468943.46,6219035.85,43.03,0.17,3.5,"ASSEZ SURE"
640565,2002/12/11,"20 h 9 min 53 sec","OSSAU (ARUDY)","PYRENEES OCCIDENTALES",,421800.88,6230175.21,43.12,-0.42,5,SURE
640566,2002/12/12,"17 h 59 min 51 sec","BEARN (ARTHEZ-D'ASSON)","PYRENEES OCCIDENTALES",,432420.01,6224160.25,43.07,-0.28,5,SURE
640567,2003/01/21,"18 h 1 min 1 sec","OSSAU (LOUVIE-JUZON)","PYRENEES OCCIDENTALES",,427068.70,6226239.79,43.08,-0.35,5,SURE
850061,2003/02/14,"4 h 49 min 17 sec","PLAINE VENDEENNE (S.S-O. FONTENAY-LE-COMTE)","PAYS NANTAIS ET VENDEEN",,407890.07,6590371.98,46.35,-0.80,5,SURE
880077,2003/02/22,"20 h 41 min 6 sec","PAYS FORESTIER SOUS-VOSGIEN (RAMBERVILLERS)",VOSGES,,974108.31,6810091.69,48.33,6.70,6.5,SURE
880078,2003/02/22,"20 h 54 min 26 sec","PAYS FORESTIER SOUS-VOSGIEN (RAMBERVILLERS)",VOSGES,REPLIQUE,974108.31,6810091.69,48.33,6.70,,
880079,2003/02/23,"0 h 16 min 42 sec","PAYS FORESTIER SOUS-VOSGIEN (RAMBERVILLERS)",VOSGES,REPLIQUE,974108.31,6810091.69,48.33,6.70,,
880080,2003/02/23,"4 h 53 min 47 sec","PAYS FORESTIER SOUS-VOSGIEN (RAMBERVILLERS)",VOSGES,REPLIQUE,974108.31,6810091.69,48.33,6.70,,
880081,2003/02/23,"23 h 58 min 53 sec","PAYS FORESTIER SOUS-VOSGIEN (RAMBERVILLERS)",VOSGES,REPLIQUE,974108.31,6810091.69,48.33,6.70,,
730223,2003/05/25,"23 h 3 min 32 sec","MAURIENNE (S.S-E. ST-JEAN-DE-MAURIENNE)","ALPES SAVOYARDES",,977669.12,6454440.80,45.13,6.53,4,INCERTAINE
630096,2003/08/19,"19 h 53 min 40 sec","COMBRAILLE (PONTAUMUR)",AUVERGNE,,683226.44,6542645.99,45.98,2.78,4,SURE
250038,2004/02/23,"17 h 31 min 21 sec","JURA (S. BAUME-LES-DAMES)",FRANCHE-COMTE,,949290.24,6694063.33,47.30,6.30,5.5,SURE
310038,2004/07/18,"2 h 16 min 2 sec",HAUT-COMMINGES,"PYRENEES CENTRALES",,520163.06,6202569.44,42.90,0.80,4,"ASSEZ SURE"
560060,2004/07/18,"14 h 23 min 9 sec","ATLANTIQUE (ILE DE GROIX)",BRETAGNE,,211640.66,6751601.58,47.68,-3.52,4,"ASSEZ SURE"
560061,2004/11/04,"13 h 58 min 35 sec","PAYS DE REDON (LA GACILLY)",BRETAGNE,,316869.32,6751262.79,47.75,-2.12,4,"ASSEZ SURE"
240005,2005/01/31,"6 h 55 min 41 sec","RIBERACOIS (SW. NONTRON)",GUYENNE,,498166.57,6488548.36,45.47,0.42,4,"ASSEZ SURE"
170132,2005/04/04,"17 h 7 min 55 sec","ILE D'OLERON",CHARENTES,,364291.29,6544433.59,45.92,-1.33,4,"ASSEZ SURE"
730224,2005/04/10,"8 h 4 min 39 sec","TARENTAISE (MOUTIERS)","ALPES SAVOYARDES",,980336.19,6482353.80,45.38,6.58,4,"ASSEZ SURE"
170131,2005/04/18,"6 h 42 min 50 sec","ILE D'OLERON",CHARENTES,,364392.81,6546281.57,45.93,-1.33,4.5,"ASSEZ SURE"
850063,2005/06/22,"19 h 41 min 38 sec","ILE DE NOIRMOUTIER","PAYS NANTAIS ET VENDEEN",,303647.63,6664925.91,46.97,-2.22,4.5,"ASSEZ SURE"
740157,2005/09/08,"11 h 27 min 18 sec","MASSIF DU MONT-BLANC (VALLORCINE)","ALPES SAVOYARDES",,1002814.60,6555687.09,46.03,6.92,5,SURE
370035,2005/09/09,"21 h 37 min 37 sec","PLATEAU DE SAINTE-MAURE (W. LES ORMES)",TOURAINE,,513862.96,6658418.77,47.00,0.55,4,SURE
740158,2005/10/31,"3 h 39 min 59 sec","VALLEE DE L'ARLY (N. ALBERTVILLE)","ALPES SAVOYARDES",,964409.11,6518702.98,45.72,6.40,5,INCERTAINE
650503,2005/11/05,"0 h 30 min 9 sec","BIGORRE (BAGNERES-DE-BIGORRE)","PYRENEES CENTRALES",,469142.90,6224591.59,43.08,0.17,4.5,INCERTAINE
10038,2006/01/11,"10 h 32 min 8 sec","BUGEY (N-O. BELLEY)","BRESSE ET JURA BRESSAN",,891160.62,6538205.73,45.92,5.47,4.5,"ASSEZ SURE"
660098,2006/02/07,"14 h 59 min 19 sec","PAYS DE MONTLOUIS (E. MONTLOUIS)","PYRENEES ORIENTALES",,597106.73,6156389.51,42.50,1.75,3.5,INCERTAINE
640570,2006/05/04,"9 h 42 min 6 sec","BEARN (E. ARETTE)","PYRENEES OCCIDENTALES",,395684.70,6223938.52,43.05,-0.73,4,"ASSEZ SURE"
110018,2006/05/08,"21 h 47 min 57 sec","PLATEAUX DE SAULT ET DE QUERIGUT (MAZUBY)",LANGUEDOC,,618083.24,6187608.48,42.78,2.00,3,INCERTAINE
650504,2006/05/20,"5 h 36 min 6 sec","BIGORRE (E. ARGELES-GAZOST)","PYRENEES CENTRALES",,460723.39,6217481.82,43.02,0.07,4.5,INCERTAINE
160050,2006/08/24,"20 h 0 min 59 sec","SAINTONGE (E. MATHA)",CHARENTES,,453027.84,6532795.26,45.85,-0.18,5,SURE
230045,2006/09/13,"13 h 5 min 3 sec","HAUTE-MARCHE (N-E. LA SOUTERRAINE)",LIMOUSIN,,585763.51,6575160.52,46.27,1.52,4,SURE
640571,2006/11/04,"16 h 44 min 57 sec","BEARN (E. ARUDY)","PYRENEES OCCIDENTALES",,427304.48,6231793.88,43.13,-0.35,4,"ASSEZ SURE"
490105,2006/11/05,"0 h 37 min 40 sec","SAUMUROIS (CANDES-SAINT-MARTIN)",ANJOU,,475530.36,6683814.02,47.22,0.03,4,SURE
650505,2006/11/17,"18 h 19 min 50 sec","BIGORRE (GAZOST)","PYRENEES CENTRALES",,,,,,6,SURE
680137,2006/12/08,"16 h 48 min 39 sec","PLAINE DE HAUTE ALSACE (HUNINGUE)",ALSACE,,1044209.44,6732172.61,47.60,7.58,4,INCERTAINE
650506,2006/12/16,"8 h 17 min 1 sec","BIGORRE (W. ARGELES-GAZOST)","PYRENEES CENTRALES",,444343.84,6216256.76,43.00,-0.13,5,"ASSEZ SURE"
370036,2007/01/08,"11 h 36 min 55 sec","CHINONAIS (S-E. CHINON)",TOURAINE,,502775.52,6668034.02,47.08,0.40,3.5,"ASSEZ SURE"
880083,2007/05/26,"13 h 40 min 23 sec","PAYS FORESTIER SOUS-VOSGIEN (RAMBERVILLERS)",VOSGES,,977809.71,6810266.43,48.33,6.75,3.5,"ASSEZ SURE"
850065,2007/07/22,"13 h 29 min 57 sec","BOCAGE VENDEEN (N-E. LA ROCHE-SUR-YON)","PAYS NANTAIS ET VENDEEN",,365007.65,6650057.72,46.87,-1.40,4,"ASSEZ SURE"
880084,2007/08/19,"7 h 32 min 55 sec","PAYS FORESTIER SOUS-VOSGIEN (RAMBERVILLERS)",VOSGES,,974195.08,6808241.35,48.32,6.70,4,SURE
50103,2007/10/05,"6 h 5 min 22 sec","BRIANCONNAIS (N-O. BRIANCON)","ALPES DAUPHINOISES",,978248.72,6441496.54,45.02,6.53,3.5,ARBITRAIRE
850066,2007/10/28,"13 h 48 min 53 sec","MARAIS BRETON (S-O. NANTES)","PAYS NANTAIS ET VENDEEN",,339547.90,6649677.58,46.85,-1.73,3,"ASSEZ SURE"
650508,2007/11/15,"13 h 47 min 35 sec","BIGORRE (E. ARGELES-GAZOST)","PYRENEES CENTRALES",,452570.17,6217790.01,43.02,-0.03,5,"ASSEZ SURE"
640572,2007/11/24,"5 h 24 min 53 sec","PAYS BASQUE (S-E. SAINT-JEAN-PIED-DE-PORT)","PYRENEES OCCIDENTALES",,370368.98,6234463.70,43.13,-1.05,4,"ASSEZ SURE"
